"","gene_name","LipidProbe","logFC","pvalue","hit_annotation"
"1","MAP4","PA",-1.7102873,1.32e-05,"no hit"
"2","MAP4","PE",-2.1282363,8e-07,"no hit"
"3","SEC24C","PA",-1.3996266,1.89e-05,"no hit"
"4","SEC24C","PE",-1.5440426,5.6e-06,"no hit"
"5","STRAP","PA",-1.5509555,2.4e-05,"no hit"
"6","STRAP","PE",-1.8955412,1.9e-06,"no hit"
"7","PCBP1","PA",-1.58675,6.22e-05,"no hit"
"8","PCBP1","PE",-1.8692164,8.9e-06,"no hit"
"9","MET","PA",1.0225475,6.97e-05,"enriched hit"
"10","MET","PE",0.9244389,0.0002044,"enriched candidate"
"11","TPT1","PA",-1.9047844,9.45e-05,"no hit"
"12","TPT1","PE",-1.9563568,7.05e-05,"no hit"
"13","EGFR","PA",1.4329414,9.51e-05,"enriched hit"
"14","EGFR","PE",1.4807718,6.62e-05,"enriched hit"
"15","ATXN10","PA",-1.3980813,0.0001086,"no hit"
"16","ATXN10","PE",-1.4974015,5.09e-05,"no hit"
"17","RAB13","PA",1.490336,0.0001511,"enriched hit"
"18","RAB13","PE",1.4399773,0.0002155,"enriched hit"
"19","MAPRE1","PA",-1.7511824,0.0001529,"no hit"
"20","MAPRE1","PE",-1.9126243,5.87e-05,"no hit"
"21","FAM114A1","PA",-1.4527281,0.0001658,"no hit"
"22","FAM114A1","PE",-1.6007909,5.8e-05,"no hit"
"23","SLC30A1","PA",1.2417693,0.0001735,"enriched hit"
"24","SLC30A1","PE",1.1022616,0.0005614,"enriched hit"
"25","LANCL1","PA",1.0626288,0.0002058,"enriched hit"
"26","LANCL1","PE",0.7065839,0.0064983,"enriched candidate"
"27","L1CAM","PA",1.4784112,0.0002255,"enriched hit"
"28","L1CAM","PE",1.3140481,0.000702,"enriched hit"
"29","EEF1G","PA",-1.8482329,0.000241,"no hit"
"30","EEF1G","PE",-2.0576506,7.76e-05,"no hit"
"31","USO1","PA",-0.9412429,0.0002413,"no hit"
"32","USO1","PE",-0.6719631,0.0044181,"no hit"
"33","PDCD6","PA",-1.8859665,0.0003295,"no hit"
"34","PDCD6","PE",-2.1370521,9.02e-05,"no hit"
"35","VPS29","PA",-1.0191345,0.0003607,"no hit"
"36","VPS29","PE",-0.7172935,0.0064704,"no hit"
"37","SEC13","PA",-1.3569496,0.0003764,"no hit"
"38","SEC13","PE",-1.6202865,5.88e-05,"no hit"
"39","EIF4E","PA",-0.911133,0.0004089,"no hit"
"40","EIF4E","PE",-1.1200372,4.66e-05,"no hit"
"41","PCBP2","PA",-1.3050835,0.00043,"no hit"
"42","PCBP2","PE",-1.6614153,3.31e-05,"no hit"
"43","EIF2B1","PA",-0.9708108,0.0004362,"no hit"
"44","EIF2B1","PE",-1.0045364,0.0003131,"no hit"
"45","SPCS2","PA",1.1806362,0.0004516,"enriched hit"
"46","SPCS2","PE",1.1264986,0.0006998,"enriched hit"
"47","SEC11A","PA",0.9320441,0.0004619,"enriched candidate"
"48","SEC11A","PE",0.7949083,0.0018796,"enriched candidate"
"49","NAA50","PA",-1.219215,0.0004681,"no hit"
"50","NAA50","PE",-1.2449251,0.0003832,"no hit"
"51","GNAI1","PA",1.0962794,0.0005795,"enriched hit"
"52","GNAI1","PE",0.9991076,0.0013233,"enriched candidate"
"53","TMEM214","PA",1.5019694,0.00068,"enriched hit"
"54","TMEM214","PE",1.4725462,0.0008135,"enriched hit"
"55","COPE","PA",-0.7396678,0.0006801,"no hit"
"56","COPE","PE",-1.0079993,2.64e-05,"no hit"
"57","EPHB4","PA",0.8741008,0.0006809,"enriched candidate"
"58","EPHB4","PE",0.9153067,0.0004426,"enriched candidate"
"59","ATXN2L","PA",-1.2994512,0.0007103,"no hit"
"60","ATXN2L","PE",-1.7866263,2.52e-05,"no hit"
"61","GNAI2","PA",1.0018102,0.0008882,"enriched hit"
"62","GNAI2","PE",0.8476414,0.0034789,"enriched candidate"
"63","SLC9A3R1","PA",1.2805822,0.0011358,"enriched hit"
"64","SLC9A3R1","PE",1.4100435,0.0004743,"enriched hit"
"65","BZW1","PA",-1.3116651,0.0011635,"no hit"
"66","BZW1","PE",-1.3766574,0.000759,"no hit"
"67","ABCC1","PA",0.7114526,0.0012429,"enriched candidate"
"68","ABCC1","PE",0.7618172,0.0006783,"enriched candidate"
"69","PDCD6IP","PA",-1.0900299,0.0012865,"no hit"
"70","PDCD6IP","PE",-0.8838015,0.0063745,"no hit"
"71","RALA","PA",1.1455485,0.0012948,"enriched hit"
"72","RALA","PE",1.3715065,0.0002427,"enriched hit"
"73","ARF4","PA",-0.789913,0.0014075,"no hit"
"74","ARF4","PE",-0.7036164,0.0035243,"no hit"
"75","NPM1","PA",0.9090801,0.0014406,"enriched candidate"
"76","NPM1","PE",0.8472015,0.0025504,"enriched candidate"
"77","RAB23","PA",0.6729241,0.0016281,"enriched candidate"
"78","RAB23","PE",0.4513435,0.0232187,"no hit"
"79","PARVA","PA",-0.8810579,0.0016454,"no hit"
"80","PARVA","PE",-0.7908037,0.0038259,"no hit"
"81","SEC23A","PA",-1.0161021,0.001844,"no hit"
"82","SEC23A","PE",-1.0629142,0.0012664,"no hit"
"83","SEC31A","PA",-1.1761229,0.0018814,"no hit"
"84","SEC31A","PE",-1.6216455,8.82e-05,"no hit"
"85","IGF1R","PA",0.8272967,0.0019043,"enriched candidate"
"86","IGF1R","PE",0.8199912,0.0020457,"enriched candidate"
"87","STOM","PA",1.1804349,0.0019705,"enriched hit"
"88","STOM","PE",1.273757,0.0010394,"enriched hit"
"89","GNA13","PA",0.9670985,0.0021405,"enriched candidate"
"90","GNA13","PE",1.0586222,0.0010034,"enriched hit"
"91","SYAP1","PA",-1.2244537,0.0022067,"no hit"
"92","SYAP1","PE",-1.5291549,0.000304,"no hit"
"93","ATP2B1","PA",1.0384657,0.0022216,"enriched hit"
"94","ATP2B1","PE",1.2540792,0.000425,"enriched hit"
"95","YWHAQ","PA",-1.1744336,0.0023217,"no hit"
"96","YWHAQ","PE",-1.4219177,0.0004374,"no hit"
"97","ATP2B4","PA",0.7835533,0.0025009,"enriched candidate"
"98","ATP2B4","PE",0.8851383,0.0009042,"enriched candidate"
"99","IPO5","PA",-1.2780783,0.0026504,"no hit"
"100","IPO5","PE",-1.3857587,0.0013759,"no hit"
"101","ACO1","PA",-0.9398386,0.0026515,"no hit"
"102","ACO1","PE",-0.9656543,0.002142,"no hit"
"103","TARS","PA",-1.3090394,0.0026577,"no hit"
"104","TARS","PE",-1.245218,0.0038755,"no hit"
"105","SORD","PA",-1.7193752,0.00266,"no hit"
"106","SORD","PE",-1.3600723,0.0131007,"no hit"
"107","AARS","PA",-1.0898991,0.0027365,"no hit"
"108","AARS","PE",-1.0073615,0.0048995,"no hit"
"109","UBAP2L","PA",-1.7198342,0.0028668,"no hit"
"110","UBAP2L","PE",-2.1402332,0.0004357,"no hit"
"111","IL1RAP","PA",0.7931747,0.0029004,"enriched candidate"
"112","IL1RAP","PE",0.6907412,0.0077324,"enriched candidate"
"113","ARHGDIA","PA",-1.0157838,0.0029327,"no hit"
"114","ARHGDIA","PE",-1.4247269,0.0001345,"no hit"
"115","FAM129B","PA",1.5349159,0.002994,"enriched hit"
"116","FAM129B","PE",1.5722074,0.0024871,"enriched hit"
"117","RRAS2","PA",0.8253033,0.0033333,"enriched candidate"
"118","RRAS2","PE",0.7508358,0.0065344,"enriched candidate"
"119","SRI","PA",-1.1956447,0.0041415,"no hit"
"120","SRI","PE",-1.2497933,0.0029779,"no hit"
"121","ATP1B1","PA",0.8745413,0.0041624,"enriched candidate"
"122","ATP1B1","PE",1.2597072,0.0001665,"enriched hit"
"123","PCNA","PA",-1.1992113,0.0041739,"no hit"
"124","PCNA","PE",-1.3561269,0.0016054,"no hit"
"125","PPIA","PA",-0.9861701,0.0042413,"no hit"
"126","PPIA","PE",-1.0379672,0.0028967,"no hit"
"127","CISD2","PA",1.1989323,0.0043038,"enriched candidate"
"128","CISD2","PE",1.5598348,0.0004798,"enriched hit"
"129","PLIN4","PA",-0.9154316,0.0044788,"no hit"
"130","PLIN4","PE",-1.3468834,0.0001483,"no hit"
"131","SERPINB1","PA",-0.9539765,0.0045716,"no hit"
"132","SERPINB1","PE",-1.1727315,0.0008729,"no hit"
"133","GNB1","PA",0.6925947,0.0047082,"enriched candidate"
"134","GNB1","PE",0.5853194,0.0139438,"enriched candidate"
"135","IST1","PA",-0.7949002,0.0049541,"no hit"
"136","IST1","PE",-0.5686618,0.0344595,"no hit"
"137","PDIA3","PA",1.0440225,0.0051192,"enriched candidate"
"138","PDIA3","PE",1.2854647,0.0009913,"enriched hit"
"139","GNAS","PA",0.8591344,0.0052333,"enriched candidate"
"140","GNAS","PE",0.9233122,0.003095,"enriched candidate"
"141","PGLS","PA",-1.0212386,0.0054511,"no hit"
"142","PGLS","PE",-1.1916845,0.00169,"no hit"
"143","ANXA5","PA",-1.2619308,0.0056159,"no hit"
"144","ANXA5","PE",-1.4111686,0.0024635,"no hit"
"145","ANXA7","PA",-1.3200992,0.006169,"no hit"
"146","ANXA7","PE",-1.5553,0.0018104,"no hit"
"147","TSN","PA",-0.8431285,0.0061709,"no hit"
"148","TSN","PE",-1.0572653,0.0010701,"no hit"
"149","LYPD3","PA",0.734313,0.00675,"enriched candidate"
"150","LYPD3","PE",0.7199076,0.0076958,"enriched candidate"
"151","RHOG","PA",0.5404821,0.0072035,"no hit"
"152","RHOG","PE",0.4997986,0.0118088,"no hit"
"153","TNPO1","PA",-0.881514,0.0073774,"no hit"
"154","TNPO1","PE",-1.0499972,0.0020571,"no hit"
"155","JUP","PA",0.9868617,0.0075067,"enriched candidate"
"156","JUP","PE",0.8219394,0.0220077,"enriched candidate"
"157","RAC1","PA",0.9171846,0.0077608,"enriched candidate"
"158","RAC1","PE",0.9021876,0.0086338,"enriched candidate"
"159","RCN1","PA",0.7152582,0.0078572,"enriched candidate"
"160","RCN1","PE",1.3019973,3.49e-05,"enriched hit"
"161","PDIA6","PA",0.6981538,0.0079715,"enriched candidate"
"162","PDIA6","PE",0.9202651,0.0009685,"enriched candidate"
"163","EEF1B2","PA",-1.3968312,0.0080297,"no hit"
"164","EEF1B2","PE",-1.7993297,0.0011948,"no hit"
"165","EIF4G1","PA",-1.3069674,0.0080956,"no hit"
"166","EIF4G1","PE",-1.7655515,0.0007951,"no hit"
"167","GNB4","PA",0.774015,0.0081284,"enriched candidate"
"168","GNB4","PE",0.7026174,0.0146772,"enriched candidate"
"169","HYOU1","PA",1.0490048,0.0082523,"enriched candidate"
"170","HYOU1","PE",1.4954338,0.0004974,"enriched hit"
"171","HSPB1","PA",-0.8559313,0.0090629,"no hit"
"172","HSPB1","PE",-1.1778545,0.0007887,"no hit"
"173","NDUFA4","PA",1.202984,0.0090763,"enriched candidate"
"174","NDUFA4","PE",2.1094055,6.9e-05,"enriched hit"
"175","UBE2M","PA",-1.2063453,0.009234,"no hit"
"176","UBE2M","PE",-1.0476949,0.0209101,"no hit"
"177","PRDX6","PA",-1.1222757,0.0094776,"no hit"
"178","PRDX6","PE",-1.1227733,0.0094513,"no hit"
"179","SRPRB","PA",1.3048445,0.0096783,"enriched candidate"
"180","SRPRB","PE",1.6576933,0.0017175,"enriched hit"
"181","CD55","PA",0.7103563,0.0097561,"enriched candidate"
"182","CD55","PE",0.8532823,0.0027128,"enriched candidate"
"183","GNA11","PA",0.6994555,0.0104753,"enriched candidate"
"184","GNA11","PE",0.6551633,0.0154319,"enriched candidate"
"185","PHGDH","PA",-0.8681374,0.0107426,"no hit"
"186","PHGDH","PE",-0.9620424,0.0054918,"no hit"
"187","EIF4G2","PA",-0.9535521,0.0107689,"no hit"
"188","EIF4G2","PE",-1.4050036,0.0005427,"no hit"
"189","PGM1","PA",-1.1487993,0.0109453,"no hit"
"190","PGM1","PE",-1.2298332,0.0070886,"no hit"
"191","S100A4","PA",-1.1564389,0.0114301,"no hit"
"192","S100A4","PE",-1.5897264,0.0011082,"no hit"
"193","DPP3","PA",-1.0717803,0.0115417,"no hit"
"194","DPP3","PE",-0.8187028,0.0456998,"no hit"
"195","RABGGTB","PA",-1.1020058,0.0115516,"no hit"
"196","RABGGTB","PE",-1.3531511,0.0028302,"no hit"
"197","API5","PA",-0.8858819,0.011838,"no hit"
"198","API5","PE",-0.5529997,0.0977886,"no hit"
"199","PPIB","PA",0.805446,0.0118508,"enriched candidate"
"200","PPIB","PE",1.2116555,0.0005179,"enriched hit"
"201","CANX","PA",0.7625202,0.0118849,"enriched candidate"
"202","CANX","PE",0.9614163,0.0023895,"enriched candidate"
"203","YWHAZ","PA",-0.879541,0.0120203,"no hit"
"204","YWHAZ","PE",-1.3062261,0.000597,"no hit"
"205","SFN","PA",-1.0509365,0.0121962,"no hit"
"206","SFN","PE",-1.3210768,0.0025308,"no hit"
"207","NARS","PA",-1.0583062,0.0125384,"no hit"
"208","NARS","PE",-1.2664898,0.0038066,"no hit"
"209","IPO7","PA",-1.0332833,0.0125476,"no hit"
"210","IPO7","PE",-1.0718186,0.0100435,"no hit"
"211","CRTAP","PA",0.7743448,0.0128594,"enriched candidate"
"212","CRTAP","PE",1.1324719,0.0007623,"enriched hit"
"213","PRRC1","PA",-0.8420595,0.0128906,"no hit"
"214","PRRC1","PE",-0.9514735,0.0059171,"no hit"
"215","GNAQ","PA",0.6864202,0.0130591,"enriched candidate"
"216","GNAQ","PE",0.6472779,0.0182277,"enriched candidate"
"217","TAGLN2","PA",-0.8251559,0.0133704,"no hit"
"218","TAGLN2","PE",-1.1475567,0.0012577,"no hit"
"219","SRM","PA",-0.9561359,0.0133937,"no hit"
"220","SRM","PE",-1.0658276,0.006778,"no hit"
"221","LTA4H","PA",-1.0575724,0.0136723,"no hit"
"222","LTA4H","PE",-0.8715713,0.0371187,"no hit"
"223","HARS","PA",-0.8074889,0.0137303,"no hit"
"224","HARS","PE",-1.033696,0.0025679,"no hit"
"225","CAND1","PA",-0.9088526,0.0137839,"no hit"
"226","CAND1","PE",-0.3867741,0.2612188,"no hit"
"227","FDPS","PA",-1.0565812,0.0138986,"no hit"
"228","FDPS","PE",-1.1397483,0.0087567,"no hit"
"229","GSTK1","PA",0.9017188,0.0139953,"enriched candidate"
"230","GSTK1","PE",1.3693811,0.0006165,"enriched hit"
"231","ETFB","PA",1.0624366,0.0140953,"enriched candidate"
"232","ETFB","PE",1.8921709,0.0001281,"enriched hit"
"233","LY6K","PA",0.8385584,0.0142151,"enriched candidate"
"234","LY6K","PE",1.2372256,0.0008218,"enriched hit"
"235","NOMO1|NOMO3|NOMO2","PA",0.9539389,0.0146567,"enriched candidate"
"236","NOMO1|NOMO3|NOMO2","PE",1.3588072,0.001173,"enriched hit"
"237","BASP1","PA",1.9995488,0.0148356,"enriched candidate"
"238","BASP1","PE",2.4353819,0.004132,"enriched hit"
"239","PRKCSH","PA",0.6993345,0.0151703,"enriched candidate"
"240","PRKCSH","PE",0.2732514,0.3087731,"no hit"
"241","GANAB","PA",0.7327816,0.0155799,"enriched candidate"
"242","GANAB","PE",0.9974384,0.0018765,"enriched candidate"
"243","COX4I1","PA",0.9876078,0.0165074,"enriched candidate"
"244","COX4I1","PE",1.3284838,0.0022412,"enriched hit"
"245","EIF4B","PA",-1.6765027,0.0166077,"no hit"
"246","EIF4B","PE",-2.0360043,0.0048674,"no hit"
"247","PLS3","PA",0.692714,0.016647,"enriched candidate"
"248","PLS3","PE",0.6701795,0.0199473,"enriched candidate"
"249","HSPA9","PA",1.2165599,0.0169997,"enriched candidate"
"250","HSPA9","PE",1.9695718,0.0004665,"enriched hit"
"251","CD44","PA",0.7504626,0.0172474,"enriched candidate"
"252","CD44","PE",0.7995567,0.0119663,"enriched candidate"
"253","SLC25A5","PA",1.0757471,0.0178012,"enriched candidate"
"254","SLC25A5","PE",1.9265948,0.0001863,"enriched hit"
"255","LDHA","PA",-1.0940288,0.0179713,"no hit"
"256","LDHA","PE",-1.1451179,0.013886,"no hit"
"257","CYP51A1","PA",0.6923136,0.0183088,"enriched candidate"
"258","CYP51A1","PE",1.037972,0.0010615,"enriched hit"
"259","BST2","PA",-0.5837096,0.0183943,"no hit"
"260","BST2","PE",-0.8496488,0.0013782,"no hit"
"261","SERPINB5","PA",-1.2072295,0.0187761,"no hit"
"262","SERPINB5","PE",-1.3448798,0.010015,"no hit"
"263","RDH11","PA",0.9828302,0.0190882,"enriched candidate"
"264","RDH11","PE",1.1454376,0.0076554,"enriched hit"
"265","STEAP4","PA",0.6904106,0.0192346,"enriched candidate"
"266","STEAP4","PE",0.7080156,0.0167519,"enriched candidate"
"267","RAB35","PA",0.9938404,0.0195449,"enriched candidate"
"268","RAB35","PE",1.3126777,0.0032748,"enriched hit"
"269","NUDT5","PA",-1.1725917,0.0196409,"no hit"
"270","NUDT5","PE",-1.1996755,0.0173414,"no hit"
"271","HPD","PA",-0.8261069,0.0197387,"no hit"
"272","HPD","PE",-1.1001446,0.0031206,"no hit"
"273","FH","PA",1.0869163,0.0201251,"enriched candidate"
"274","FH","PE",1.9067402,0.0002889,"enriched hit"
"275","STX4","PA",1.1623278,0.0204003,"enriched candidate"
"276","STX4","PE",1.1191094,0.0248381,"enriched candidate"
"277","PPP2CA","PA",-0.6038101,0.0204561,"no hit"
"278","PPP2CA","PE",-0.5655153,0.0285701,"no hit"
"279","CMBL","PA",-0.8246131,0.0205955,"no hit"
"280","CMBL","PE",-1.0986435,0.0033027,"no hit"
"281","AXL","PA",0.6605263,0.0211588,"enriched candidate"
"282","AXL","PE",0.711685,0.013998,"enriched candidate"
"283","RAB18","PA",-0.6475098,0.0215452,"no hit"
"284","RAB18","PE",-0.6559605,0.0201149,"no hit"
"285","NUTF2","PA",-0.8619663,0.0218436,"no hit"
"286","NUTF2","PE",-0.9661471,0.0114805,"no hit"
"287","LDHB","PA",-1.0726842,0.0218544,"no hit"
"288","LDHB","PE",-1.2577723,0.0086771,"no hit"
"289","ABHD14B","PA",-0.8417298,0.0225916,"no hit"
"290","ABHD14B","PE",-0.8629057,0.0198159,"no hit"
"291","GSTO1","PA",-1.4148474,0.0227676,"no hit"
"292","GSTO1","PE",-1.6603257,0.0090753,"no hit"
"293","SCCPDH","PA",0.7664889,0.0228555,"enriched candidate"
"294","SCCPDH","PE",1.0578445,0.0029388,"enriched hit"
"295","GDI2","PA",-0.6969195,0.0232498,"no hit"
"296","GDI2","PE",-0.6372051,0.0359314,"no hit"
"297","PNP","PA",-0.8627469,0.0232774,"no hit"
"298","PNP","PE",-1.0972216,0.0054741,"no hit"
"299","PRSS21","PA",0.6963114,0.0233809,"enriched candidate"
"300","PRSS21","PE",0.9508782,0.0032925,"enriched candidate"
"301","ANP32B","PA",-1.3860798,0.0236871,"no hit"
"302","ANP32B","PE",-1.4036057,0.0221968,"no hit"
"303","SLC25A6","PA",1.1797124,0.0238151,"enriched candidate"
"304","SLC25A6","PE",1.7670341,0.0016322,"enriched hit"
"305","CPS1","PA",1.0270738,0.0239479,"enriched candidate"
"306","CPS1","PE",1.6495991,0.0009057,"enriched hit"
"307","ANP32A","PA",-1.1868057,0.0244341,"no hit"
"308","ANP32A","PE",-1.0616081,0.0413937,"no hit"
"309","AIFM1","PA",1.0483436,0.0246193,"enriched candidate"
"310","AIFM1","PE",1.7119607,0.0008197,"enriched hit"
"311","TXN","PA",-0.8956316,0.0247717,"no hit"
"312","TXN","PE",-1.040575,0.0107042,"no hit"
"313","YWHAB","PA",-0.8802779,0.0248553,"no hit"
"314","YWHAB","PE",-1.1334477,0.005492,"no hit"
"315","PDHB","PA",1.06992,0.0248684,"enriched candidate"
"316","PDHB","PE",1.7764359,0.0007183,"enriched hit"
"317","PTGES","PA",0.5018075,0.025071,"no hit"
"318","PTGES","PE",0.5596113,0.0138701,"no hit"
"319","PTPRJ","PA",0.5950299,0.0251618,"enriched candidate"
"320","PTPRJ","PE",0.5901194,0.0262311,"enriched candidate"
"321","CLPTM1L","PA",1.0283125,0.0256774,"enriched candidate"
"322","CLPTM1L","PE",1.5259723,0.0019886,"enriched hit"
"323","SCAMP3","PA",-0.6761965,0.0257679,"no hit"
"324","SCAMP3","PE",-0.7810753,0.0116302,"no hit"
"325","CLIC4","PA",0.4297073,0.0265122,"no hit"
"326","CLIC4","PE",0.27355,0.1415954,"no hit"
"327","PPP2R1A","PA",-0.9015254,0.0269971,"no hit"
"328","PPP2R1A","PE",-0.7913703,0.0488287,"no hit"
"329","KRAS","PA",0.7409604,0.0275758,"enriched candidate"
"330","KRAS","PE",0.5669426,0.0833111,"no hit"
"331","ATP5F1","PA",0.8173218,0.0276858,"enriched candidate"
"332","ATP5F1","PE",1.2246776,0.0020778,"enriched hit"
"333","CLTA","PA",-0.839567,0.0277006,"no hit"
"334","CLTA","PE",-1.0333273,0.0085783,"no hit"
"335","ACAT1","PA",1.0392981,0.0277856,"enriched candidate"
"336","ACAT1","PE",1.6812198,0.0011031,"enriched hit"
"337","ATP5C1","PA",1.1618019,0.027949,"enriched candidate"
"338","ATP5C1","PE",1.8541359,0.0012522,"enriched hit"
"339","TRAP1","PA",1.2101336,0.0280957,"enriched candidate"
"340","TRAP1","PE",1.7001014,0.0035008,"enriched hit"
"341","CD46","PA",0.56018,0.0281057,"no hit"
"342","CD46","PE",0.2873589,0.2367035,"no hit"
"343","UBA1","PA",-0.8405999,0.0293119,"no hit"
"344","UBA1","PE",-0.9717312,0.0135212,"no hit"
"345","PSME3","PA",-0.745981,0.0303332,"no hit"
"346","PSME3","PE",-0.8403125,0.0163339,"no hit"
"347","UQCRC2","PA",0.9581527,0.0313243,"enriched candidate"
"348","UQCRC2","PE",1.2745486,0.00607,"enriched hit"
"349","PLIN3","PA",-1.0299114,0.0315516,"no hit"
"350","PLIN3","PE",-1.3996025,0.0052927,"no hit"
"351","ADPGK","PA",0.4577273,0.0316733,"no hit"
"352","ADPGK","PE",0.5923353,0.0074157,"enriched candidate"
"353","YBX1","PA",-1.7691166,0.032033,"no hit"
"354","YBX1","PE",-1.5395923,0.0582983,"no hit"
"355","ICAM1","PA",0.6716955,0.0323045,"enriched candidate"
"356","ICAM1","PE",0.6189284,0.0465526,"enriched candidate"
"357","TUBB4B","PA",-0.6867938,0.0324495,"no hit"
"358","TUBB4B","PE",-0.6738949,0.0354415,"no hit"
"359","APOL2","PA",0.7718817,0.0326253,"enriched candidate"
"360","APOL2","PE",0.8687097,0.0178734,"enriched candidate"
"361","SAR1A","PA",-0.7370703,0.032772,"no hit"
"362","SAR1A","PE",-0.5664139,0.0925463,"no hit"
"363","YWHAE","PA",-0.7459078,0.0330316,"no hit"
"364","YWHAE","PE",-0.9455276,0.0089787,"no hit"
"365","ACTC1|ACTA1","PA",0.8024025,0.0333403,"enriched candidate"
"366","ACTC1|ACTA1","PE",1.1429917,0.0041133,"enriched hit"
"367","SSR4","PA",0.5855332,0.0335823,"enriched candidate"
"368","SSR4","PE",0.7930475,0.0059367,"enriched candidate"
"369","GPI","PA",-0.7734076,0.0336305,"no hit"
"370","GPI","PE",-0.4952956,0.158271,"no hit"
"371","ABCG2","PA",1.2601713,0.0336884,"enriched candidate"
"372","ABCG2","PE",1.3966358,0.0201581,"enriched candidate"
"373","CALM1","PA",0.7661187,0.0337566,"enriched candidate"
"374","CALM1","PE",0.5945353,0.0915021,"no hit"
"375","IGSF8","PA",0.8283054,0.0340433,"enriched candidate"
"376","IGSF8","PE",0.7600261,0.0496476,"enriched candidate"
"377","PGD","PA",-0.8701061,0.0341524,"no hit"
"378","PGD","PE",-0.7006273,0.0815206,"no hit"
"379","CD58","PA",0.7876075,0.0347561,"enriched candidate"
"380","CD58","PE",0.6673019,0.068949,"enriched candidate"
"381","SERPINB6","PA",-0.7724718,0.0363172,"no hit"
"382","SERPINB6","PE",-1.0582488,0.0061664,"no hit"
"383","PGAM1","PA",-1.0205799,0.0364536,"no hit"
"384","PGAM1","PE",-1.0660334,0.0297145,"no hit"
"385","HSD17B4","PA",0.7042386,0.0365094,"enriched candidate"
"386","HSD17B4","PE",1.1843335,0.001297,"enriched hit"
"387","PLXNB2","PA",0.5541265,0.0367329,"no hit"
"388","PLXNB2","PE",0.6764503,0.01302,"enriched candidate"
"389","ATP5O","PA",0.9459344,0.0378524,"enriched candidate"
"390","ATP5O","PE",1.6234003,0.0011672,"enriched hit"
"391","GLUD1","PA",1.1635431,0.0378675,"enriched candidate"
"392","GLUD1","PE",1.4708045,0.0109963,"enriched candidate"
"393","SRPRA","PA",0.8512058,0.0392771,"enriched candidate"
"394","SRPRA","PE",0.8844125,0.0329737,"enriched candidate"
"395","CACYBP","PA",-0.8579596,0.0393082,"no hit"
"396","CACYBP","PE",-0.9174785,0.0287563,"no hit"
"397","TFG","PA",-1.1244618,0.0396581,"no hit"
"398","TFG","PE",-1.1206098,0.0402656,"no hit"
"399","BTF3","PA",-1.2375595,0.0404243,"no hit"
"400","BTF3","PE",-1.7200158,0.006574,"no hit"
"401","ZNF598","PA",-0.7775675,0.041073,"no hit"
"402","ZNF598","PE",-0.9992775,0.0111141,"no hit"
"403","S100A6","PA",-1.3047142,0.0411125,"no hit"
"404","S100A6","PE",-1.6077461,0.0142806,"no hit"
"405","S100A11","PA",-1.3524704,0.0412764,"no hit"
"406","S100A11","PE",-2.2091287,0.0020713,"no hit"
"407","TALDO1","PA",-1.3120526,0.0413439,"no hit"
"408","TALDO1","PE",-1.6459841,0.0129596,"no hit"
"409","NPEPPS","PA",-0.6058937,0.0414172,"no hit"
"410","NPEPPS","PE",-0.5433176,0.0645348,"no hit"
"411","GNAI3","PA",0.8393447,0.0415973,"enriched candidate"
"412","GNAI3","PE",0.9391857,0.0244602,"enriched candidate"
"413","FKBP4","PA",-0.6903636,0.0416527,"no hit"
"414","FKBP4","PE",-0.3854934,0.2367259,"no hit"
"415","PTGR1","PA",-0.7531171,0.0417106,"no hit"
"416","PTGR1","PE",-0.990376,0.0098556,"no hit"
"417","SERBP1","PA",-1.807928,0.042747,"no hit"
"418","SERBP1","PE",-2.5061499,0.0072845,"no hit"
"419","CSE1L","PA",-0.8647388,0.0431564,"no hit"
"420","CSE1L","PE",-0.7954495,0.0607079,"no hit"
"421","MIF","PA",-1.04417,0.0435434,"no hit"
"422","MIF","PE",-1.4407526,0.0077227,"no hit"
"423","ECH1","PA",1.0900183,0.0437041,"enriched candidate"
"424","ECH1","PE",1.5722015,0.0057688,"enriched hit"
"425","B4GALT1","PA",-0.7047253,0.0438584,"no hit"
"426","B4GALT1","PE",-0.8345779,0.0193717,"no hit"
"427","ANXA1","PA",-0.5224248,0.0441086,"no hit"
"428","ANXA1","PE",-0.2255554,0.3627332,"no hit"
"429","CTTN","PA",0.9015442,0.0445032,"enriched candidate"
"430","CTTN","PE",0.8124718,0.067396,"enriched candidate"
"431","PTGFRN","PA",0.7274874,0.0448288,"enriched candidate"
"432","PTGFRN","PE",0.5533771,0.1184281,"no hit"
"433","IQGAP1","PA",1.3980589,0.0448654,"enriched candidate"
"434","IQGAP1","PE",1.3611695,0.0501907,"enriched candidate"
"435","TXNDC5","PA",0.6153251,0.044958,"enriched candidate"
"436","TXNDC5","PE",0.8399299,0.0086885,"enriched candidate"
"437","MDH2","PA",0.8705424,0.0449768,"enriched candidate"
"438","MDH2","PE",1.3314963,0.0039903,"enriched hit"
"439","UQCRC1","PA",0.7136781,0.0451219,"enriched candidate"
"440","UQCRC1","PE",1.1517412,0.0026798,"enriched hit"
"441","MYL6","PA",0.5961698,0.0457694,"enriched candidate"
"442","MYL6","PE",0.5520476,0.0623811,"no hit"
"443","PUF60","PA",-0.4712617,0.0460849,"no hit"
"444","PUF60","PE",-0.420779,0.0718511,"no hit"
"445","RDX","PA",1.3039637,0.0461561,"enriched candidate"
"446","RDX","PE",1.1493159,0.0753589,"enriched candidate"
"447","GNG12","PA",0.5021224,0.0462213,"no hit"
"448","GNG12","PE",0.2823064,0.2445786,"no hit"
"449","ATP5A1","PA",0.8481773,0.0485491,"no hit"
"450","ATP5A1","PE",1.6104386,0.0007948,"enriched hit"
"451","RAP1A","PA",0.5320556,0.0490914,"no hit"
"452","RAP1A","PE",0.7579538,0.0075436,"enriched candidate"
"453","AGL","PA",-1.0040286,0.0494766,"no hit"
"454","AGL","PE",-1.202955,0.0212008,"no hit"
"455","SKP1","PA",-0.7393452,0.049882,"no hit"
"456","SKP1","PE",-0.8009505,0.0351854,"no hit"
"457","GLOD4","PA",-0.8477743,0.0500377,"no hit"
"458","GLOD4","PE",-0.9762664,0.0263486,"no hit"
"459","TXNRD1","PA",-0.6101066,0.0505713,"no hit"
"460","TXNRD1","PE",-0.6128501,0.0496451,"no hit"
"461","RPN2","PA",0.7968537,0.0507365,"no hit"
"462","RPN2","PE",1.3097488,0.0028882,"enriched hit"
"463","PPP1CA","PA",0.4903157,0.0512769,"no hit"
"464","PPP1CA","PE",0.3873057,0.1165183,"no hit"
"465","HSPH1","PA",-0.5318265,0.053184,"no hit"
"466","HSPH1","PE",-0.4065802,0.1311818,"no hit"
"467","SLC25A24","PA",0.9698108,0.053595,"no hit"
"468","SLC25A24","PE",1.1350588,0.0264327,"enriched candidate"
"469","KPNB1","PA",-0.6698115,0.053899,"no hit"
"470","KPNB1","PE",-0.6399123,0.064389,"no hit"
"471","TM9SF2","PA",-0.9274344,0.0541365,"no hit"
"472","TM9SF2","PE",-1.0517459,0.0312049,"no hit"
"473","HSPA4","PA",-0.7347511,0.0542675,"no hit"
"474","HSPA4","PE",-0.4536348,0.2200571,"no hit"
"475","ITGA6","PA",0.616065,0.0546545,"no hit"
"476","ITGA6","PE",0.5598786,0.0781872,"no hit"
"477","DHCR7","PA",0.8628836,0.0555554,"no hit"
"478","DHCR7","PE",1.1478017,0.0139149,"enriched candidate"
"479","BPNT1","PA",-0.5667511,0.0562577,"no hit"
"480","BPNT1","PE",-0.5567825,0.0603012,"no hit"
"481","YWHAH","PA",-0.7761973,0.0565507,"no hit"
"482","YWHAH","PE",-1.1368576,0.0079065,"no hit"
"483","NMT1","PA",-1.162087,0.0570214,"no hit"
"484","NMT1","PE",-1.7092048,0.0077993,"no hit"
"485","RP2","PA",0.6859755,0.0590441,"no hit"
"486","RP2","PE",0.4805714,0.1751859,"no hit"
"487","CIB1","PA",0.4424269,0.0602315,"no hit"
"488","CIB1","PE",0.076756,0.732177,"no hit"
"489","TRIM28","PA",0.6867347,0.0605151,"no hit"
"490","TRIM28","PE",0.7648885,0.0386461,"enriched candidate"
"491","MSLN","PA",0.5925356,0.0607018,"no hit"
"492","MSLN","PE",0.415097,0.1781403,"no hit"
"493","NECTIN2","PA",0.4771873,0.0613481,"no hit"
"494","NECTIN2","PE",0.2047078,0.4035085,"no hit"
"495","AKR1B1","PA",-0.7648907,0.0617305,"no hit"
"496","AKR1B1","PE",-0.9349887,0.02546,"no hit"
"497","SLC25A3","PA",0.8302348,0.0623183,"no hit"
"498","SLC25A3","PE",1.5530089,0.0015558,"enriched hit"
"499","ADAM10","PA",0.4694021,0.0627386,"no hit"
"500","ADAM10","PE",0.7025148,0.0081764,"enriched candidate"
"501","TPD52L2","PA",-0.7235519,0.0629491,"no hit"
"502","TPD52L2","PE",-1.0737492,0.008683,"no hit"
"503","GTF2I","PA",0.7782688,0.0631256,"no hit"
"504","GTF2I","PE",1.0808547,0.0131048,"enriched candidate"
"505","PPIF","PA",0.9239184,0.0645972,"no hit"
"506","PPIF","PE",1.6091492,0.0029664,"enriched hit"
"507","HMOX2","PA",0.482978,0.0668045,"no hit"
"508","HMOX2","PE",0.5548688,0.0378085,"no hit"
"509","GOLT1B","PA",-0.5355459,0.0676244,"no hit"
"510","GOLT1B","PE",-0.5745379,0.0514464,"no hit"
"511","PARK7","PA",-0.7473461,0.0691631,"no hit"
"512","PARK7","PE",-0.8083441,0.0510112,"no hit"
"513","ACO2","PA",0.6691561,0.0696929,"no hit"
"514","ACO2","PE",1.0844205,0.0058022,"enriched hit"
"515","YWHAG","PA",-0.4642422,0.0697281,"no hit"
"516","YWHAG","PE",-0.8470333,0.002427,"no hit"
"517","ETFA","PA",0.7791291,0.0700165,"no hit"
"518","ETFA","PE",1.173119,0.0094913,"enriched candidate"
"519","WDR1","PA",1.1206443,0.0702509,"no hit"
"520","WDR1","PE",1.1555536,0.0626577,"enriched candidate"
"521","SHMT2","PA",1.1096423,0.071513,"no hit"
"522","SHMT2","PE",1.8917486,0.0042664,"enriched hit"
"523","GNG5","PA",0.5357813,0.0717179,"no hit"
"524","GNG5","PE",0.3309812,0.252744,"no hit"
"525","AP1B1","PA",-0.4693235,0.0726385,"no hit"
"526","AP1B1","PE",-0.8364574,0.0031716,"no hit"
"527","RAB31","PA",0.475915,0.0729057,"no hit"
"528","RAB31","PE",0.6653932,0.0157856,"enriched candidate"
"529","RBBP4","PA",0.542319,0.0732154,"no hit"
"530","RBBP4","PE",0.2505057,0.3913247,"no hit"
"531","ATP1A1","PA",0.568779,0.0735322,"no hit"
"532","ATP1A1","PE",0.8566751,0.0103066,"enriched candidate"
"533","SDHA","PA",0.9086139,0.0736665,"no hit"
"534","SDHA","PE",1.6885254,0.002367,"enriched hit"
"535","POR","PA",0.6752719,0.0747595,"no hit"
"536","POR","PE",1.2822349,0.0020604,"enriched hit"
"537","EIF5A","PA",-1.3670257,0.0755064,"no hit"
"538","EIF5A","PE",-1.6858074,0.0318463,"no hit"
"539","LIFR","PA",0.4648637,0.0757462,"no hit"
"540","LIFR","PE",0.4255133,0.1016881,"no hit"
"541","MME","PA",-0.4869324,0.0762257,"no hit"
"542","MME","PE",-0.9887385,0.0012362,"no hit"
"543","ITGA5","PA",0.6907537,0.0768046,"no hit"
"544","ITGA5","PE",0.6910638,0.0766832,"enriched candidate"
"545","SFXN1","PA",0.8439585,0.0772622,"no hit"
"546","SFXN1","PE",1.3278179,0.0085487,"enriched hit"
"547","PPA1","PA",-0.9022483,0.077474,"no hit"
"548","PPA1","PE",-1.0180095,0.0488178,"no hit"
"549","RAP2C","PA",0.4012618,0.077979,"no hit"
"550","RAP2C","PE",0.4555885,0.0479289,"no hit"
"551","GLO1","PA",-0.9432437,0.0804913,"no hit"
"552","GLO1","PE",-1.2287457,0.0266674,"no hit"
"553","PA2G4","PA",-1.0323648,0.0813144,"no hit"
"554","PA2G4","PE",-1.358083,0.0257705,"no hit"
"555","DSG2","PA",0.5092099,0.0815305,"no hit"
"556","DSG2","PE",0.5182017,0.0767096,"no hit"
"557","LAMC1","PA",0.5137819,0.0816605,"no hit"
"558","LAMC1","PE",0.2155576,0.4493452,"no hit"
"559","GSTM3","PA",-0.7007375,0.0820878,"no hit"
"560","GSTM3","PE",-0.4917216,0.2127673,"no hit"
"561","GOT2","PA",0.8470544,0.0823144,"no hit"
"562","GOT2","PE",1.514231,0.0040398,"enriched hit"
"563","SLC43A3","PA",0.5485201,0.0826897,"no hit"
"564","SLC43A3","PE",0.0663466,0.8267207,"no hit"
"565","OXCT1","PA",0.659515,0.083171,"no hit"
"566","OXCT1","PE",1.3439306,0.0014839,"enriched hit"
"567","CS","PA",1.4016306,0.0834149,"no hit"
"568","CS","PE",2.2800407,0.0079509,"enriched hit"
"569","PRDX1","PA",-0.8641678,0.0842449,"no hit"
"570","PRDX1","PE",-1.0643709,0.0370733,"no hit"
"571","USP14","PA",-0.602144,0.0850444,"no hit"
"572","USP14","PE",-0.7050309,0.0468237,"no hit"
"573","RMDN1","PA",0.7151034,0.08528,"no hit"
"574","RMDN1","PE",1.2567316,0.0049203,"enriched hit"
"575","PGK1","PA",-0.7322022,0.0870973,"no hit"
"576","PGK1","PE",-0.8622865,0.0470823,"no hit"
"577","BUB3","PA",-0.4248345,0.0872845,"no hit"
"578","BUB3","PE",-0.3829254,0.1205178,"no hit"
"579","HSP90B1","PA",0.8768021,0.0874302,"no hit"
"580","HSP90B1","PE",1.3699159,0.0111871,"enriched candidate"
"581","UBXN4","PA",0.5163635,0.0887183,"no hit"
"582","UBXN4","PE",0.6651792,0.0323534,"enriched candidate"
"583","CAPZA1","PA",-0.5595352,0.088927,"no hit"
"584","CAPZA1","PE",-0.3641191,0.2573339,"no hit"
"585","ACSL3","PA",1.0994523,0.0890577,"no hit"
"586","ACSL3","PE",1.4123138,0.0329646,"enriched candidate"
"587","SLC44A2","PA",0.8047551,0.0904399,"no hit"
"588","SLC44A2","PE",0.7306552,0.1217162,"no hit"
"589","PEBP1","PA",-1.0342547,0.0915596,"no hit"
"590","PEBP1","PE",-1.3508123,0.0317146,"no hit"
"591","TRMT10C","PA",0.7804957,0.0921464,"no hit"
"592","TRMT10C","PE",1.3265029,0.0072551,"enriched hit"
"593","NEGR1","PA",0.3925125,0.0943592,"no hit"
"594","NEGR1","PE",0.2330619,0.3084358,"no hit"
"595","MLEC","PA",0.5586669,0.0946951,"no hit"
"596","MLEC","PE",0.9309872,0.0087084,"enriched candidate"
"597","QARS","PA",0.3944565,0.0972788,"no hit"
"598","QARS","PE",0.2932767,0.2099295,"no hit"
"599","ENO1","PA",-0.6567392,0.0973372,"no hit"
"600","ENO1","PE",-0.5858189,0.1361995,"no hit"
"601","GDA","PA",-0.6464967,0.0986695,"no hit"
"602","GDA","PE",-0.6086386,0.1184982,"no hit"
"603","RPS28","PA",-0.6225026,0.0987896,"no hit"
"604","RPS28","PE",-0.9282649,0.0181941,"no hit"
"605","ARFGAP1","PA",-0.5605887,0.0993044,"no hit"
"606","ARFGAP1","PE",-0.9075345,0.01144,"no hit"
"607","ECI1","PA",0.8083904,0.1000294,"no hit"
"608","ECI1","PE",1.149963,0.0238445,"enriched candidate"
"609","DAG1","PA",0.6328029,0.1001741,"no hit"
"610","DAG1","PE",0.4841418,0.2015386,"no hit"
"611","F11R","PA",0.6703346,0.1011202,"no hit"
"612","F11R","PE",0.5786599,0.1531764,"no hit"
"613","TUFM","PA",1.1617206,0.1027527,"no hit"
"614","TUFM","PE",1.7057189,0.0211509,"enriched candidate"
"615","HSPA1B|HSPA1A","PA",-0.4351823,0.1032678,"no hit"
"616","HSPA1B|HSPA1A","PE",-0.1209898,0.6391645,"no hit"
"617","MAT2A","PA",-0.6444786,0.1032697,"no hit"
"618","MAT2A","PE",-0.728659,0.0681141,"no hit"
"619","SLC1A5","PA",0.4066043,0.1039616,"no hit"
"620","SLC1A5","PE",0.179562,0.4594581,"no hit"
"621","ALDH3A2","PA",0.7284483,0.104558,"no hit"
"622","ALDH3A2","PE",1.1699565,0.0132371,"enriched candidate"
"623","PRDX3","PA",1.1454577,0.1060583,"no hit"
"624","PRDX3","PE",1.5097689,0.0376813,"enriched candidate"
"625","CLINT1","PA",-1.0843148,0.1061654,"no hit"
"626","CLINT1","PE",-1.6696676,0.0173164,"no hit"
"627","CAPN2","PA",-0.4646363,0.1093045,"no hit"
"628","CAPN2","PE",-0.3366213,0.2381256,"no hit"
"629","CD59","PA",0.5405265,0.1099009,"no hit"
"630","CD59","PE",0.5149523,0.1265537,"no hit"
"631","ATL2","PA",0.5416945,0.1101676,"no hit"
"632","ATL2","PE",0.7326634,0.0354658,"enriched candidate"
"633","EIF3M","PA",-0.5956659,0.1116491,"no hit"
"634","EIF3M","PE",-0.7569095,0.0475652,"no hit"
"635","MYDGF","PA",0.64111,0.1119904,"no hit"
"636","MYDGF","PE",0.4473981,0.2588817,"no hit"
"637","CAPRIN1","PA",-1.1131676,0.113929,"no hit"
"638","CAPRIN1","PE",-1.8752007,0.0118013,"no hit"
"639","DLD","PA",0.9607469,0.1139656,"no hit"
"640","DLD","PE",1.4164378,0.0247059,"enriched candidate"
"641","RAN","PA",-0.3879245,0.1141586,"no hit"
"642","RAN","PE",-0.1126817,0.6355767,"no hit"
"643","GIGYF2","PA",-0.8588753,0.1155944,"no hit"
"644","GIGYF2","PE",-1.3041414,0.0217537,"no hit"
"645","DSP","PA",-0.7004315,0.1169136,"no hit"
"646","DSP","PE",-0.8915726,0.0503811,"no hit"
"647","LSS","PA",0.3643852,0.1178693,"no hit"
"648","LSS","PE",0.4395606,0.0630021,"no hit"
"649","CDH10","PA",0.5228095,0.1191043,"no hit"
"650","CDH10","PE",0.4905615,0.1420662,"no hit"
"651","SLC38A5","PA",0.5757868,0.1195638,"no hit"
"652","SLC38A5","PE",0.3688671,0.3091078,"no hit"
"653","USP10","PA",-0.7552357,0.1196238,"no hit"
"654","USP10","PE",-1.2279646,0.0159862,"no hit"
"655","MCAM","PA",0.7428621,0.1198088,"no hit"
"656","MCAM","PE",0.8024138,0.0946603,"no hit"
"657","MSN","PA",1.4877823,0.1198543,"no hit"
"658","MSN","PE",1.3495103,0.1558913,"no hit"
"659","TLN1","PA",0.4964995,0.1200941,"no hit"
"660","TLN1","PE",0.5474012,0.0887615,"no hit"
"661","ALG5","PA",0.6799184,0.120567,"no hit"
"662","ALG5","PE",1.0268735,0.0241057,"enriched candidate"
"663","SUPT16H","PA",0.3565489,0.1207534,"no hit"
"664","SUPT16H","PE",0.2253326,0.3171152,"no hit"
"665","CCT8","PA",0.5130406,0.121007,"no hit"
"666","CCT8","PE",0.1856713,0.5633561,"no hit"
"667","MMP15","PA",0.4099008,0.1213524,"no hit"
"668","MMP15","PE",0.2804082,0.2807919,"no hit"
"669","ADAM9","PA",0.4688802,0.1214535,"no hit"
"670","ADAM9","PE",0.5977875,0.0528125,"enriched candidate"
"671","TAPBP","PA",0.5379738,0.1215162,"no hit"
"672","TAPBP","PE",1.0205991,0.0063619,"enriched hit"
"673","BZW2","PA",-0.5642821,0.1219288,"no hit"
"674","BZW2","PE",-0.3594154,0.3150239,"no hit"
"675","DDOST","PA",0.587256,0.122585,"no hit"
"676","DDOST","PE",0.8253849,0.0351435,"enriched candidate"
"677","EPB41L2","PA",0.9540247,0.1226985,"no hit"
"678","EPB41L2","PE",0.9189382,0.1361664,"no hit"
"679","SUCLG2","PA",0.8475886,0.1232421,"no hit"
"680","SUCLG2","PE",1.2854421,0.0245393,"enriched candidate"
"681","LRPPRC","PA",0.8803241,0.1235478,"no hit"
"682","LRPPRC","PE",1.4431776,0.0162604,"enriched candidate"
"683","G3BP2","PA",-1.3005146,0.1238397,"no hit"
"684","G3BP2","PE",-1.7375196,0.0447151,"no hit"
"685","RPN1","PA",0.9055281,0.1245692,"no hit"
"686","RPN1","PE",1.2928639,0.0335417,"enriched candidate"
"687","RAB8A","PA",0.3653774,0.1251734,"no hit"
"688","RAB8A","PE",0.3123164,0.1861486,"no hit"
"689","C17orf75","PA",-0.3864451,0.1263078,"no hit"
"690","C17orf75","PE",-0.4159497,0.1015336,"no hit"
"691","HNRNPA2B1","PA",-0.5177406,0.1267995,"no hit"
"692","HNRNPA2B1","PE",-0.4120945,0.2188629,"no hit"
"693","CAPZB","PA",-0.4487241,0.1270582,"no hit"
"694","CAPZB","PE",-0.2896496,0.3155881,"no hit"
"695","HSD17B10","PA",0.6434498,0.1279775,"no hit"
"696","HSD17B10","PE",0.9512938,0.0297473,"enriched candidate"
"697","FLOT2","PA",0.716083,0.1282138,"no hit"
"698","FLOT2","PE",0.7804755,0.0992654,"no hit"
"699","VDAC2","PA",0.6761461,0.1286019,"no hit"
"700","VDAC2","PE",0.7611357,0.0897448,"no hit"
"701","SLIRP","PA",0.8045309,0.1291731,"no hit"
"702","SLIRP","PE",1.490946,0.0085609,"enriched hit"
"703","ANXA3","PA",-0.6137583,0.1298005,"no hit"
"704","ANXA3","PE",-0.833847,0.0447137,"no hit"
"705","STT3A","PA",0.5832009,0.130501,"no hit"
"706","STT3A","PE",1.0951797,0.0080497,"enriched hit"
"707","COX5A","PA",0.6865719,0.1308077,"no hit"
"708","COX5A","PE",1.0359832,0.027985,"enriched candidate"
"709","CD320","PA",0.3318795,0.1317788,"no hit"
"710","CD320","PE",0.5271437,0.0218707,"no hit"
"711","EIF4A1","PA",-1.0769287,0.1320805,"no hit"
"712","EIF4A1","PE",-1.492122,0.0422135,"no hit"
"713","HSPA5","PA",0.7608667,0.1340677,"no hit"
"714","HSPA5","PE",1.0473646,0.044453,"enriched candidate"
"715","ARL15","PA",0.4211931,0.134865,"no hit"
"716","ARL15","PE",0.4453741,0.1151489,"no hit"
"717","FAM234A","PA",0.4876238,0.1354343,"no hit"
"718","FAM234A","PE",0.1647107,0.604106,"no hit"
"719","SGTA","PA",-0.6912632,0.1355253,"no hit"
"720","SGTA","PE",-1.094996,0.0233942,"no hit"
"721","ACTR3","PA",0.7209652,0.1361174,"no hit"
"722","ACTR3","PE",0.7582484,0.1181581,"no hit"
"723","GPX8","PA",0.7813264,0.1384419,"no hit"
"724","GPX8","PE",0.8794929,0.097955,"no hit"
"725","NSDHL","PA",0.610431,0.1396551,"no hit"
"726","NSDHL","PE",0.9967437,0.0211687,"enriched candidate"
"727","SAE1","PA",-0.6869693,0.1399645,"no hit"
"728","SAE1","PE",-0.9734499,0.0420202,"no hit"
"729","TPI1","PA",-0.8752863,0.14031,"no hit"
"730","TPI1","PE",-1.3146029,0.0324097,"no hit"
"731","GNB2","PA",0.9235087,0.1415669,"no hit"
"732","GNB2","PE",1.1148611,0.0798367,"no hit"
"733","PHB","PA",1.0004014,0.1415971,"no hit"
"734","PHB","PE",1.5166908,0.0315096,"enriched candidate"
"735","ALDOC","PA",-0.46236,0.1417159,"no hit"
"736","ALDOC","PE",-0.3477376,0.2629377,"no hit"
"737","DNPH1","PA",-0.5491632,0.1432261,"no hit"
"738","DNPH1","PE",-0.8279897,0.0330101,"no hit"
"739","BSG","PA",0.7674527,0.1432631,"no hit"
"740","BSG","PE",0.5553078,0.2827719,"no hit"
"741","NUDT21","PA",0.3128488,0.1436832,"no hit"
"742","NUDT21","PE",0.4548815,0.0391836,"no hit"
"743","CNOT1","PA",-0.977367,0.1438879,"no hit"
"744","CNOT1","PE",-1.1739267,0.0829808,"no hit"
"745","EZR","PA",1.2053525,0.1447796,"no hit"
"746","EZR","PE",0.9549854,0.2428373,"no hit"
"747","RPS12","PA",-0.5167728,0.1453146,"no hit"
"748","RPS12","PE",-0.8568059,0.021143,"no hit"
"749","ERP29","PA",0.8413553,0.1453974,"no hit"
"750","ERP29","PE",1.0042259,0.0859217,"no hit"
"751","RHOA","PA",0.3476848,0.145595,"no hit"
"752","RHOA","PE",0.1425033,0.5409533,"no hit"
"753","FLOT1","PA",0.7270289,0.1458074,"no hit"
"754","FLOT1","PE",0.7289149,0.1448243,"no hit"
"755","KDELC2","PA",0.4823694,0.1460138,"no hit"
"756","KDELC2","PE",0.50897,0.1262608,"no hit"
"757","GCN1","PA",-1.0153633,0.1481564,"no hit"
"758","GCN1","PE",-1.3456809,0.0604547,"no hit"
"759","STX6","PA",-0.3582669,0.1487628,"no hit"
"760","STX6","PE",-0.5070005,0.0466926,"no hit"
"761","GSS","PA",-0.5830147,0.1490047,"no hit"
"762","GSS","PE",-0.7431179,0.0705628,"no hit"
"763","RPS10","PA",-1.0015419,0.1493796,"no hit"
"764","RPS10","PE",-1.6051252,0.0265737,"no hit"
"765","CPM","PA",0.6025927,0.1507395,"no hit"
"766","CPM","PE",0.6217837,0.1388656,"no hit"
"767","NAA15","PA",-1.1184321,0.1511476,"no hit"
"768","NAA15","PE",-1.2229087,0.1184855,"no hit"
"769","SBDS","PA",-0.6783491,0.1515137,"no hit"
"770","SBDS","PE",-0.9443653,0.0514816,"no hit"
"771","DKFZp566H1924|NPTN","PA",0.7993142,0.1515462,"no hit"
"772","DKFZp566H1924|NPTN","PE",0.6960397,0.2086499,"no hit"
"773","CNP","PA",1.0902907,0.1517786,"no hit"
"774","CNP","PE",0.9573946,0.2052775,"no hit"
"775","PLOD3","PA",0.7053834,0.1517808,"no hit"
"776","PLOD3","PE",0.7502766,0.128765,"no hit"
"777","SYNGR2","PA",-0.5886332,0.1522276,"no hit"
"778","SYNGR2","PE",-0.7269089,0.081305,"no hit"
"779","TUBB","PA",-0.6155474,0.1551852,"no hit"
"780","TUBB","PE",-0.768917,0.0802265,"no hit"
"781","HSPD1","PA",0.9014326,0.1561475,"no hit"
"782","HSPD1","PE",1.912191,0.0056146,"enriched hit"
"783","TPP2","PA",0.814883,0.156263,"no hit"
"784","TPP2","PE",0.9129634,0.1146645,"no hit"
"785","PSME2","PA",-0.6709449,0.1574189,"no hit"
"786","PSME2","PE",-0.7246149,0.1284819,"no hit"
"787","TMEM43","PA",0.3461815,0.1575705,"no hit"
"788","TMEM43","PE",0.6961019,0.0082253,"enriched candidate"
"789","FOLR1","PA",0.7011765,0.1580814,"no hit"
"790","FOLR1","PE",0.5161595,0.2926925,"no hit"
"791","MDH1","PA",-0.5272863,0.1583154,"no hit"
"792","MDH1","PE",-0.7207143,0.0593683,"no hit"
"793","PMPCB","PA",0.6668214,0.1590304,"no hit"
"794","PMPCB","PE",1.0407801,0.0340044,"enriched candidate"
"795","COLGALT1","PA",0.8325576,0.1591766,"no hit"
"796","COLGALT1","PE",0.9915497,0.0972406,"no hit"
"797","ARPC3","PA",0.3714443,0.1598194,"no hit"
"798","ARPC3","PE",0.3898731,0.141171,"no hit"
"799","ATP5H","PA",0.8068191,0.1600204,"no hit"
"800","ATP5H","PE",1.3281275,0.0266435,"enriched candidate"
"801","LGALS1","PA",0.4184166,0.160468,"no hit"
"802","LGALS1","PE",0.377091,0.2036356,"no hit"
"803","RTN4RL2","PA",0.4518794,0.1605016,"no hit"
"804","RTN4RL2","PE",0.1716733,0.585125,"no hit"
"805","CAPZA2","PA",-0.3140864,0.1619901,"no hit"
"806","CAPZA2","PE",-0.2204797,0.31965,"no hit"
"807","TPM3|DKFZp686J1372","PA",0.6399644,0.162359,"no hit"
"808","TPM3|DKFZp686J1372","PE",0.7849955,0.090711,"no hit"
"809","FAM120A","PA",-0.6677745,0.1667286,"no hit"
"810","FAM120A","PE",-1.000394,0.044513,"no hit"
"811","ATP11C","PA",0.3302766,0.1685136,"no hit"
"812","ATP11C","PE",0.3856727,0.1110997,"no hit"
"813","CNPY3","PA",0.433502,0.1691744,"no hit"
"814","CNPY3","PE",0.3995845,0.2033025,"no hit"
"815","PSME1","PA",-0.8286533,0.1701342,"no hit"
"816","PSME1","PE",-1.0987392,0.0742297,"no hit"
"817","EIF5B","PA",-0.9652211,0.1713992,"no hit"
"818","EIF5B","PE",-1.4702232,0.0435545,"no hit"
"819","DSTN","PA",0.4122759,0.1724723,"no hit"
"820","DSTN","PE",0.4583294,0.1316024,"no hit"
"821","ATP5B","PA",0.6481431,0.1725493,"no hit"
"822","ATP5B","PE",0.9215067,0.0584757,"enriched candidate"
"823","TXNL1","PA",-0.5509991,0.1734693,"no hit"
"824","TXNL1","PE",-0.843984,0.043459,"no hit"
"825","PRDX2","PA",-0.7865315,0.175715,"no hit"
"826","PRDX2","PE",-1.1430588,0.0552915,"no hit"
"827","HSPA13","PA",0.4182579,0.1760926,"no hit"
"828","HSPA13","PE",0.6785729,0.0345871,"enriched candidate"
"829","SERPINH1","PA",0.9489722,0.1769333,"no hit"
"830","SERPINH1","PE",1.1811706,0.0972135,"no hit"
"831","AHCY","PA",-0.3680976,0.1802514,"no hit"
"832","AHCY","PE",-0.1397386,0.6032224,"no hit"
"833","WDR61","PA",-0.534753,0.1806211,"no hit"
"834","WDR61","PE",-0.8538863,0.0390773,"no hit"
"835","DYNC1H1","PA",-0.9744223,0.1809552,"no hit"
"836","DYNC1H1","PE",-1.1785718,0.1095142,"no hit"
"837","PHB2","PA",1.0352517,0.1812454,"no hit"
"838","PHB2","PE",1.5160953,0.056563,"enriched candidate"
"839","CAT","PA",0.5579615,0.18141,"no hit"
"840","CAT","PE",0.9047239,0.0367822,"enriched candidate"
"841","EIF3K","PA",-0.3610334,0.181426,"no hit"
"842","EIF3K","PE",-0.8200624,0.0053934,"no hit"
"843","PRKAR2A","PA",-0.2634099,0.1821578,"no hit"
"844","PRKAR2A","PE",-0.4239554,0.0383458,"no hit"
"845","RPL38","PA",-1.3763703,0.1822352,"no hit"
"846","RPL38","PE",-1.1037475,0.2805586,"no hit"
"847","ACSL4","PA",0.9251326,0.1822896,"no hit"
"848","ACSL4","PE",0.7330185,0.2862276,"no hit"
"849","NPR3","PA",0.3784486,0.18241,"no hit"
"850","NPR3","PE",0.4070312,0.1530885,"no hit"
"851","HLA-C","PA",0.3664717,0.1843322,"no hit"
"852","HLA-C","PE",0.1795401,0.5075474,"no hit"
"853","LARP4","PA",-0.8570415,0.1843746,"no hit"
"854","LARP4","PE",-1.3631832,0.0413741,"no hit"
"855","XPO1","PA",-0.4884276,0.184972,"no hit"
"856","XPO1","PE",-0.1528032,0.6715277,"no hit"
"857","PRMT1","PA",-0.4148341,0.1861481,"no hit"
"858","PRMT1","PE",-0.7798299,0.0186331,"no hit"
"859","ITGA3","PA",0.4757438,0.1862523,"no hit"
"860","ITGA3","PE",0.3885013,0.2765854,"no hit"
"861","RACGAP1","PA",1.2548032,0.1863014,"no hit"
"862","RACGAP1","PE",1.0570651,0.2622452,"no hit"
"863","RPLP1","PA",-0.6976493,0.1880194,"no hit"
"864","RPLP1","PE",-0.9099714,0.0910683,"no hit"
"865","MYO1B","PA",1.0768574,0.1884016,"no hit"
"866","MYO1B","PE",1.1413346,0.1645073,"no hit"
"867","SLC35B2","PA",-0.4295009,0.1891595,"no hit"
"868","SLC35B2","PE",-0.2921223,0.3656743,"no hit"
"869","HSPA8","PA",-0.3693488,0.1905722,"no hit"
"870","HSPA8","PE",-0.2270991,0.4140493,"no hit"
"871","PSMA2","PA",-0.3567348,0.1908187,"no hit"
"872","PSMA2","PE",-0.2878853,0.2871562,"no hit"
"873","AP2A1","PA",0.4433187,0.1915044,"no hit"
"874","AP2A1","PE",0.2973237,0.3748292,"no hit"
"875","TOR1AIP2","PA",0.4197331,0.1921655,"no hit"
"876","TOR1AIP2","PE",0.3163467,0.3207269,"no hit"
"877","ACTN1","PA",0.9289429,0.1938871,"no hit"
"878","ACTN1","PE",1.1353098,0.116355,"no hit"
"879","PGRMC1","PA",0.4523851,0.1948146,"no hit"
"880","PGRMC1","PE",0.5333885,0.129705,"no hit"
"881","ACTN4","PA",1.2041321,0.1955819,"no hit"
"882","ACTN4","PE",1.3633746,0.1453544,"no hit"
"883","PABPC4","PA",-0.6944954,0.1959278,"no hit"
"884","PABPC4","PE",-1.1678814,0.036456,"no hit"
"885","G3BP1","PA",-0.9409152,0.1964417,"no hit"
"886","G3BP1","PE",-1.525069,0.043159,"no hit"
"887","ADRM1","PA",-0.5774512,0.1966368,"no hit"
"888","ADRM1","PE",-0.7601194,0.0944389,"no hit"
"889","P4HA1","PA",0.4905861,0.1977732,"no hit"
"890","P4HA1","PE",0.7315302,0.0614149,"enriched candidate"
"891","CMPK1","PA",-0.5004241,0.1978787,"no hit"
"892","CMPK1","PE",-0.7324657,0.0659533,"no hit"
"893","HPRT1","PA",-0.6949907,0.1993951,"no hit"
"894","HPRT1","PE",-0.5934223,0.2702627,"no hit"
"895","GRB2","PA",-0.5558618,0.200744,"no hit"
"896","GRB2","PE",-0.6632522,0.1304002,"no hit"
"897","SLC6A9","PA",0.3530572,0.2012579,"no hit"
"898","SLC6A9","PE",0.0430949,0.8732198,"no hit"
"899","NASP","PA",-0.5373574,0.2024011,"no hit"
"900","NASP","PE",-0.8833073,0.043124,"no hit"
"901","ECHS1","PA",0.7161459,0.2028539,"no hit"
"902","ECHS1","PE",1.2456994,0.0336037,"enriched candidate"
"903","FDFT1","PA",0.5369991,0.2040962,"no hit"
"904","FDFT1","PE",0.906592,0.0390194,"enriched candidate"
"905","CRELD1","PA",0.3407067,0.2045007,"no hit"
"906","CRELD1","PE",0.1745879,0.5085792,"no hit"
"907","PTPRF","PA",0.7766446,0.2048545,"no hit"
"908","PTPRF","PE",0.8001789,0.1920595,"no hit"
"909","SLC2A1","PA",0.3761336,0.2057072,"no hit"
"910","SLC2A1","PE",0.2777946,0.3451433,"no hit"
"911","EIF4A3","PA",-0.7338368,0.2057364,"no hit"
"912","EIF4A3","PE",-0.9888043,0.093762,"no hit"
"913","MYO1C","PA",1.2340096,0.2060303,"no hit"
"914","MYO1C","PE",1.3361376,0.1725278,"no hit"
"915","MGST1","PA",0.6989488,0.2068239,"no hit"
"916","MGST1","PE",0.9786733,0.0832118,"no hit"
"917","TXLNG","PA",-0.8441387,0.2068484,"no hit"
"918","TXLNG","PE",-1.411581,0.041856,"no hit"
"919","GORASP2","PA",-0.5605087,0.2071039,"no hit"
"920","GORASP2","PE",0.0462007,0.9153207,"no hit"
"921","7-Sep","PA",-1.2334307,0.2071909,"no hit"
"922","7-Sep","PE",-1.51991,0.1242262,"no hit"
"923","ASPH","PA",0.9251205,0.2073504,"no hit"
"924","ASPH","PE",1.2596332,0.0917313,"no hit"
"925","GDPD3","PA",0.3772271,0.207759,"no hit"
"926","GDPD3","PE",0.3725936,0.2131561,"no hit"
"927","SNTB2","PA",0.5476806,0.2080427,"no hit"
"928","SNTB2","PE",0.7260393,0.1004546,"no hit"
"929","HPCAL1","PA",-0.5952747,0.2081707,"no hit"
"930","HPCAL1","PE",-0.6338699,0.1814264,"no hit"
"931","CLPTM1","PA",0.4093705,0.2088599,"no hit"
"932","CLPTM1","PE",0.6133579,0.0664599,"enriched candidate"
"933","2-Sep","PA",-0.8926841,0.2095095,"no hit"
"934","2-Sep","PE",-1.0904602,0.1292285,"no hit"
"935","DNAJB11","PA",0.909842,0.2109674,"no hit"
"936","DNAJB11","PE",0.9897602,0.1752513,"no hit"
"937","TMEM259","PA",0.4572342,0.2135374,"no hit"
"938","TMEM259","PE",0.5374831,0.1468733,"no hit"
"939","CD276","PA",0.3194928,0.2136433,"no hit"
"940","CD276","PE",0.2672407,0.2951536,"no hit"
"941","ITGA1","PA",0.7363086,0.2178101,"no hit"
"942","ITGA1","PE",0.7095578,0.2342999,"no hit"
"943","CKAP4","PA",1.0374425,0.218704,"no hit"
"944","CKAP4","PE",1.3524718,0.1138606,"no hit"
"945","ALDOA","PA",-0.4578697,0.2198786,"no hit"
"946","ALDOA","PE",-0.6252609,0.0996045,"no hit"
"947","VASN","PA",0.3945106,0.2206697,"no hit"
"948","VASN","PE",0.2133211,0.5015023,"no hit"
"949","TXLNA","PA",-0.7825708,0.2223436,"no hit"
"950","TXLNA","PE",-1.3905142,0.037387,"no hit"
"951","LGALS3","PA",0.3152423,0.2228815,"no hit"
"952","LGALS3","PE",0.2921546,0.2572663,"no hit"
"953","ECI2","PA",0.7559716,0.2230628,"no hit"
"954","ECI2","PE",1.156379,0.0693628,"enriched candidate"
"955","AUP1","PA",0.7653565,0.2247176,"no hit"
"956","AUP1","PE",0.9183123,0.1487121,"no hit"
"957","KIF23","PA",1.3762028,0.2249349,"no hit"
"958","KIF23","PE",1.1455282,0.3094339,"no hit"
"959","DDX39B","PA",-0.4483316,0.2278352,"no hit"
"960","DDX39B","PE",-0.0884175,0.8083495,"no hit"
"961","ARPC2","PA",0.8387718,0.2294064,"no hit"
"962","ARPC2","PE",0.942093,0.1792502,"no hit"
"963","PSMB4","PA",-0.4262704,0.2300335,"no hit"
"964","PSMB4","PE",-0.3543919,0.3153738,"no hit"
"965","FKBP10","PA",0.4576698,0.2301868,"no hit"
"966","FKBP10","PE",0.6133966,0.1132303,"no hit"
"967","MBOAT7","PA",0.5866982,0.2301932,"no hit"
"968","MBOAT7","PE",0.9957172,0.0492205,"enriched candidate"
"969","CLPP","PA",0.4817375,0.2305996,"no hit"
"970","CLPP","PE",0.7479977,0.0698576,"enriched candidate"
"971","LIMA1","PA",0.7611764,0.2311615,"no hit"
"972","LIMA1","PE",0.9203629,0.1512981,"no hit"
"973","PODXL2","PA",0.3814965,0.2315324,"no hit"
"974","PODXL2","PE",0.365509,0.2509176,"no hit"
"975","TKT","PA",-0.3688553,0.2315713,"no hit"
"976","TKT","PE",-0.4913761,0.1163288,"no hit"
"977","DDX6","PA",-0.8606561,0.2327959,"no hit"
"978","DDX6","PE",-1.1429265,0.1183436,"no hit"
"979","HMGB1","PA",-0.7689009,0.2341188,"no hit"
"980","HMGB1","PE",-1.0217888,0.1191183,"no hit"
"981","ATP2A2","PA",0.5280694,0.2350848,"no hit"
"982","ATP2A2","PE",0.9832882,0.034379,"enriched candidate"
"983","RSU1","PA",-0.529302,0.2352318,"no hit"
"984","RSU1","PE",-0.4237555,0.338593,"no hit"
"985","S100A16","PA",-0.3952593,0.2363937,"no hit"
"986","S100A16","PE",-0.8653984,0.0151367,"no hit"
"987","CCDC47","PA",0.9389928,0.2368414,"no hit"
"988","CCDC47","PE",1.2682447,0.1156282,"no hit"
"989","HADHA","PA",0.4662461,0.2393573,"no hit"
"990","HADHA","PE",0.9638485,0.0214936,"enriched candidate"
"991","MTHFD1","PA",-0.9865059,0.2396704,"no hit"
"992","MTHFD1","PE",-1.2043627,0.1548941,"no hit"
"993","PSMA7","PA",-0.2666472,0.2407575,"no hit"
"994","PSMA7","PE",-0.0195521,0.9301211,"no hit"
"995","ITGB1","PA",0.6028352,0.2430567,"no hit"
"996","ITGB1","PE",0.6285449,0.224289,"no hit"
"997","CAP1","PA",-0.467502,0.2434228,"no hit"
"998","CAP1","PE",-0.3160625,0.4256011,"no hit"
"999","ATP6AP2","PA",0.4593696,0.245817,"no hit"
"1000","ATP6AP2","PE",0.4762395,0.2295416,"no hit"
"1001","NRAS","PA",-0.355589,0.2459363,"no hit"
"1002","NRAS","PE",-0.6062246,0.0556734,"no hit"
"1003","ABCF2","PA",-0.838477,0.2464148,"no hit"
"1004","ABCF2","PE",-1.2729247,0.0855027,"no hit"
"1005","SLC22A18","PA",0.4999536,0.2465142,"no hit"
"1006","SLC22A18","PE",0.6506782,0.1363421,"no hit"
"1007","MYO1E","PA",1.037495,0.2482288,"no hit"
"1008","MYO1E","PE",1.0311746,0.2510173,"no hit"
"1009","PGRMC2","PA",0.5230338,0.2494738,"no hit"
"1010","PGRMC2","PE",0.4461151,0.3235609,"no hit"
"1011","CD109","PA",0.5226382,0.2494741,"no hit"
"1012","CD109","PE",0.2843424,0.5255844,"no hit"
"1013","PABPC1","PA",-0.7657607,0.2502205,"no hit"
"1014","PABPC1","PE",-1.2853266,0.0613787,"no hit"
"1015","COMT","PA",0.3793053,0.2502978,"no hit"
"1016","COMT","PE",0.5558602,0.0986723,"no hit"
"1017","SACM1L","PA",0.6798284,0.250487,"no hit"
"1018","SACM1L","PE",0.8889034,0.1378444,"no hit"
"1019","GARS","PA",-0.5564182,0.2531211,"no hit"
"1020","GARS","PE",-0.617841,0.2063277,"no hit"
"1021","REEP6","PA",-0.3948524,0.2555428,"no hit"
"1022","REEP6","PE",-0.5485894,0.1200405,"no hit"
"1023","CSPG4","PA",0.3372564,0.2574308,"no hit"
"1024","CSPG4","PE",0.2071553,0.4818129,"no hit"
"1025","RPL18A","PA",-0.8012599,0.2577255,"no hit"
"1026","RPL18A","PE",-1.0647002,0.1377294,"no hit"
"1027","WLS","PA",0.3405494,0.2585101,"no hit"
"1028","WLS","PE",0.6001163,0.0544451,"enriched candidate"
"1029","HNRNPA1","PA",-0.7122415,0.2596919,"no hit"
"1030","HNRNPA1","PE",-0.0891362,0.8858464,"no hit"
"1031","CXADR","PA",0.3314016,0.2596961,"no hit"
"1032","CXADR","PE",0.180373,0.5344966,"no hit"
"1033","TMX3","PA",0.3871463,0.2613083,"no hit"
"1034","TMX3","PE",0.4835278,0.164626,"no hit"
"1035","SCAMP1","PA",-0.3356148,0.2623313,"no hit"
"1036","SCAMP1","PE",-0.5459533,0.0759383,"no hit"
"1037","EIF1AY|EIF1AX","PA",-0.9107681,0.2623737,"no hit"
"1038","EIF1AY|EIF1AX","PE",-1.1709613,0.1540957,"no hit"
"1039","TAP1","PA",0.5026019,0.2644086,"no hit"
"1040","TAP1","PE",1.0862074,0.0226909,"enriched candidate"
"1041","RBMX","PA",-0.646381,0.2654104,"no hit"
"1042","RBMX","PE",0.0391064,0.9453388,"no hit"
"1043","CLTC","PA",-0.6017355,0.2672966,"no hit"
"1044","CLTC","PE",-0.9168297,0.0980671,"no hit"
"1045","TM9SF4","PA",-0.3620671,0.2680679,"no hit"
"1046","TM9SF4","PE",-0.381575,0.2440042,"no hit"
"1047","FXR1","PA",-0.813101,0.2688156,"no hit"
"1048","FXR1","PE",-1.0024651,0.1764772,"no hit"
"1049","ERH","PA",-0.5510695,0.2701238,"no hit"
"1050","ERH","PE",-0.0124216,0.9798265,"no hit"
"1051","ANXA4","PA",-0.3897706,0.2713977,"no hit"
"1052","ANXA4","PE",-1.0457973,0.0069116,"no hit"
"1053","VAMP3","PA",-0.3572429,0.2717534,"no hit"
"1054","VAMP3","PE",-0.525288,0.1126949,"no hit"
"1055","LDLR","PA",-0.3726042,0.2733777,"no hit"
"1056","LDLR","PE",-0.4455738,0.1933577,"no hit"
"1057","10-Sep","PA",-0.8078085,0.2742079,"no hit"
"1058","10-Sep","PE",-1.053354,0.1585877,"no hit"
"1059","PODXL","PA",0.436464,0.2764118,"no hit"
"1060","PODXL","PE",0.4962518,0.2180638,"no hit"
"1061","CFL1","PA",0.3755804,0.2771756,"no hit"
"1062","CFL1","PE",0.6947909,0.0526751,"enriched candidate"
"1063","GEMIN5","PA",-0.9234248,0.2773421,"no hit"
"1064","GEMIN5","PE",-1.1881832,0.1665755,"no hit"
"1065","CNPY2|F8W031","PA",0.6198838,0.2774079,"no hit"
"1066","CNPY2|F8W031","PE",0.6623748,0.246877,"no hit"
"1067","VIM","PA",-0.7550759,0.277643,"no hit"
"1068","VIM","PE",0.2748573,0.6885019,"no hit"
"1069","RPS25","PA",-1.0555336,0.2778374,"no hit"
"1070","RPS25","PE",-1.4913347,0.1311902,"no hit"
"1071","SLC44A1","PA",0.5331593,0.2799447,"no hit"
"1072","SLC44A1","PE",0.319194,0.5133502,"no hit"
"1073","TM9SF3","PA",-0.4410135,0.2804642,"no hit"
"1074","TM9SF3","PE",-0.2820623,0.4858499,"no hit"
"1075","VDAC1","PA",0.4891815,0.2832936,"no hit"
"1076","VDAC1","PE",0.6999095,0.1308736,"no hit"
"1077","METAP2","PA",-1.1672268,0.2838974,"no hit"
"1078","METAP2","PE",-1.7239209,0.1200882,"no hit"
"1079","AP2M1","PA",0.6692516,0.2839912,"no hit"
"1080","AP2M1","PE",0.4596463,0.4580464,"no hit"
"1081","NCEH1","PA",0.389553,0.2842689,"no hit"
"1082","NCEH1","PE",0.4323896,0.2363231,"no hit"
"1083","GPRC5A","PA",0.5835683,0.2844384,"no hit"
"1084","GPRC5A","PE",0.7300156,0.1843865,"no hit"
"1085","SCAMP2","PA",-0.3611587,0.2845094,"no hit"
"1086","SCAMP2","PE",-0.7141227,0.0425531,"no hit"
"1087","APMAP","PA",0.4756683,0.2868441,"no hit"
"1088","APMAP","PE",0.4846636,0.2781128,"no hit"
"1089","GPD2","PA",0.7016824,0.2878149,"no hit"
"1090","GPD2","PE",1.3088019,0.0558469,"enriched candidate"
"1091","RPS7","PA",-0.8317582,0.2886797,"no hit"
"1092","RPS7","PE",-1.1847248,0.1367301,"no hit"
"1093","PSMB1","PA",-0.3880081,0.2891161,"no hit"
"1094","PSMB1","PE",-0.1190548,0.7414412,"no hit"
"1095","SLC16A1","PA",0.2446925,0.2914283,"no hit"
"1096","SLC16A1","PE",0.1246826,0.5865823,"no hit"
"1097","P4HB","PA",0.5295123,0.2925002,"no hit"
"1098","P4HB","PE",0.5141162,0.3063375,"no hit"
"1099","ANXA2","PA",0.2289044,0.2959714,"no hit"
"1100","ANXA2","PE",0.0315289,0.8838129,"no hit"
"1101","FARSB","PA",-0.6211158,0.2960562,"no hit"
"1102","FARSB","PE",-0.9754518,0.1081376,"no hit"
"1103","RAB27B","PA",0.3835296,0.2963088,"no hit"
"1104","RAB27B","PE",0.2493259,0.4934005,"no hit"
"1105","VAPA","PA",0.5013389,0.2965477,"no hit"
"1106","VAPA","PE",0.9139444,0.0655578,"enriched candidate"
"1107","RAB1B","PA",-0.3824102,0.2980556,"no hit"
"1108","RAB1B","PE",-0.4802344,0.1950401,"no hit"
"1109","9-Sep","PA",-0.9908514,0.2982647,"no hit"
"1110","9-Sep","PE",-1.1495393,0.229899,"no hit"
"1111","DEGS1","PA",0.3264638,0.3008159,"no hit"
"1112","DEGS1","PE",0.5725459,0.0779586,"no hit"
"1113","DLG1","PA",0.268508,0.3014211,"no hit"
"1114","DLG1","PE",0.4981249,0.0638309,"no hit"
"1115","ZMPSTE24","PA",0.4647001,0.3040662,"no hit"
"1116","ZMPSTE24","PE",0.7210685,0.1179194,"no hit"
"1117","RABAC1","PA",-0.4214853,0.3040845,"no hit"
"1118","RABAC1","PE",-0.4863726,0.2378858,"no hit"
"1119","CSDE1","PA",-0.8677602,0.3051104,"no hit"
"1120","CSDE1","PE",-1.3081679,0.1288399,"no hit"
"1121","SCD","PA",0.4187249,0.3058105,"no hit"
"1122","SCD","PE",0.8347019,0.0498486,"enriched candidate"
"1123","SLC5A6","PA",-0.2534202,0.3077571,"no hit"
"1124","SLC5A6","PE",-0.5117102,0.0480789,"no hit"
"1125","HDGF","PA",-0.3794429,0.3080303,"no hit"
"1126","HDGF","PE",-0.7799302,0.0447058,"no hit"
"1127","FAU","PA",-1.2183756,0.3086996,"no hit"
"1128","FAU","PE",-1.5092772,0.2107272,"no hit"
"1129","S100A13","PA",-0.5376245,0.3089895,"no hit"
"1130","S100A13","PE",-0.9305155,0.0865794,"no hit"
"1131","RPL5","PA",-0.6903833,0.309751,"no hit"
"1132","RPL5","PE",-1.1747547,0.0920863,"no hit"
"1133","PLD3","PA",0.2875705,0.309841,"no hit"
"1134","PLD3","PE",0.3640653,0.2023372,"no hit"
"1135","TPM4","PA",0.4376922,0.3109776,"no hit"
"1136","TPM4","PE",0.5770425,0.1861186,"no hit"
"1137","RPS14","PA",-0.7317541,0.3128199,"no hit"
"1138","RPS14","PE",-1.1634865,0.1159482,"no hit"
"1139","STT3B","PA",1.2871175,0.3142492,"no hit"
"1140","STT3B","PE",1.3664882,0.2861883,"no hit"
"1141","FUBP1","PA",-0.3619687,0.3153676,"no hit"
"1142","FUBP1","PE",-0.6758808,0.0695858,"no hit"
"1143","SFPQ","PA",-0.5062834,0.3154967,"no hit"
"1144","SFPQ","PE",-0.0471734,0.9244352,"no hit"
"1145","ESYT1","PA",0.6876612,0.3183955,"no hit"
"1146","ESYT1","PE",0.9129691,0.1898051,"no hit"
"1147","M6PR","PA",-0.5028284,0.320501,"no hit"
"1148","M6PR","PE",-0.6549505,0.199845,"no hit"
"1149","FLVCR1","PA",0.3130558,0.3209768,"no hit"
"1150","FLVCR1","PE",0.0821283,0.7919818,"no hit"
"1151","RUVBL2","PA",-0.5663251,0.3221846,"no hit"
"1152","RUVBL2","PE",-0.7702881,0.1830327,"no hit"
"1153","CORO1C","PA",0.5854411,0.3242751,"no hit"
"1154","CORO1C","PE",0.6345545,0.2864592,"no hit"
"1155","RPL14","PA",-1.0125213,0.3250588,"no hit"
"1156","RPL14","PE",-1.3067001,0.2080305,"no hit"
"1157","TMEM165","PA",-0.4216952,0.3262406,"no hit"
"1158","TMEM165","PE",-0.4595446,0.2858887,"no hit"
"1159","NCL","PA",0.3709587,0.3266669,"no hit"
"1160","NCL","PE",0.7250099,0.0642066,"enriched candidate"
"1161","IKBIP","PA",0.7831438,0.3269566,"no hit"
"1162","IKBIP","PE",1.1417357,0.1589767,"no hit"
"1163","EIF2A","PA",-0.6542443,0.3272351,"no hit"
"1164","EIF2A","PE",-1.0084641,0.1378801,"no hit"
"1165","SEC61B","PA",0.3143726,0.3276498,"no hit"
"1166","SEC61B","PE",0.2599649,0.4163027,"no hit"
"1167","PSMA3","PA",-0.404046,0.327942,"no hit"
"1168","PSMA3","PE",-0.5553528,0.1837614,"no hit"
"1169","CYB5R3","PA",0.4456785,0.3290754,"no hit"
"1170","CYB5R3","PE",0.7990912,0.0887368,"no hit"
"1171","AK2","PA",0.5170853,0.3293545,"no hit"
"1172","AK2","PE",0.9504375,0.0817618,"no hit"
"1173","RPL24","PA",-0.9191877,0.3362564,"no hit"
"1174","RPL24","PE",-1.3019531,0.1786114,"no hit"
"1175","RPL36A|RPL36A-HNRNPH2","PA",-0.8823112,0.3364819,"no hit"
"1176","RPL36A|RPL36A-HNRNPH2","PE",-1.3371821,0.1517261,"no hit"
"1177","ARPC4-TTLL3|ARPC4","PA",0.3463547,0.3367566,"no hit"
"1178","ARPC4-TTLL3|ARPC4","PE",0.4158419,0.2514127,"no hit"
"1179","DDX3X","PA",-0.7297179,0.3378197,"no hit"
"1180","DDX3X","PE",-1.0153922,0.1873957,"no hit"
"1181","HLA-A","PA",0.2389993,0.3387667,"no hit"
"1182","HLA-A","PE",0.0103419,0.9665554,"no hit"
"1183","TMX2","PA",0.33174,0.3411925,"no hit"
"1184","TMX2","PE",0.9467155,0.0120021,"enriched candidate"
"1185","STX10","PA",-0.3488578,0.3420549,"no hit"
"1186","STX10","PE",-0.485636,0.1910114,"no hit"
"1187","CALR","PA",0.3275359,0.3420856,"no hit"
"1188","CALR","PE",0.5172317,0.1406136,"no hit"
"1189","PPP3CA","PA",-0.238898,0.3423152,"no hit"
"1190","PPP3CA","PE",-0.399238,0.1203675,"no hit"
"1191","EIF3G","PA",-0.8235661,0.342382,"no hit"
"1192","EIF3G","PE",-1.2972172,0.1418085,"no hit"
"1193","RPLP0","PA",-0.6730905,0.3433146,"no hit"
"1194","RPLP0","PE",-1.0651957,0.1407894,"no hit"
"1195","SLC7A2","PA",-0.2848604,0.3448875,"no hit"
"1196","SLC7A2","PE",-0.3995457,0.1903705,"no hit"
"1197","SLC31A1","PA",0.2908689,0.3458152,"no hit"
"1198","SLC31A1","PE",-0.0560104,0.8542247,"no hit"
"1199","RPS8","PA",-0.8715098,0.346118,"no hit"
"1200","RPS8","PE",-1.1752908,0.2083535,"no hit"
"1201","TMED5","PA",-0.4449062,0.3470317,"no hit"
"1202","TMED5","PE",-0.143135,0.7596693,"no hit"
"1203","RPL35","PA",-0.9043925,0.348088,"no hit"
"1204","RPL35","PE",-1.1620853,0.2315781,"no hit"
"1205","SCP2","PA",0.5047331,0.3484288,"no hit"
"1206","SCP2","PE",1.0237617,0.0664381,"enriched candidate"
"1207","E9PAM4|PI4K2A","PA",-0.3162002,0.3495461,"no hit"
"1208","E9PAM4|PI4K2A","PE",-0.4878897,0.1555436,"no hit"
"1209","RPL11","PA",-0.8546576,0.3500932,"no hit"
"1210","RPL11","PE",-1.1890316,0.1985455,"no hit"
"1211","RPL15","PA",-0.797802,0.3502915,"no hit"
"1212","RPL15","PE",-0.9475853,0.269608,"no hit"
"1213","TSPAN4","PA",0.6361595,0.3508632,"no hit"
"1214","TSPAN4","PE",0.2973885,0.6597311,"no hit"
"1215","RPS20","PA",-0.873913,0.3543163,"no hit"
"1216","RPS20","PE",-1.3810225,0.1502141,"no hit"
"1217","TECR","PA",0.7546452,0.3547755,"no hit"
"1218","TECR","PE",0.8234753,0.3136913,"no hit"
"1219","NAPA","PA",-0.2622515,0.3551982,"no hit"
"1220","NAPA","PE",-0.3380945,0.2368901,"no hit"
"1221","KDSR","PA",0.3551705,0.3584189,"no hit"
"1222","KDSR","PE",0.4978699,0.202922,"no hit"
"1223","ITGA2","PA",0.5012052,0.3592761,"no hit"
"1224","ITGA2","PE",0.2802604,0.605316,"no hit"
"1225","XRCC5","PA",-0.5917313,0.3605306,"no hit"
"1226","XRCC5","PE",-0.7128302,0.2731589,"no hit"
"1227","SYNCRIP","PA",-0.5910552,0.3608183,"no hit"
"1228","SYNCRIP","PE",-0.8579058,0.1902191,"no hit"
"1229","SURF4","PA",-0.2996728,0.3612315,"no hit"
"1230","SURF4","PE",-0.2397919,0.4631764,"no hit"
"1231","SYPL1","PA",-0.546815,0.3617302,"no hit"
"1232","SYPL1","PE",-0.3614096,0.5440042,"no hit"
"1233","FKBP9","PA",0.385595,0.3620501,"no hit"
"1234","FKBP9","PE",0.3653033,0.3873045,"no hit"
"1235","RPL7","PA",-0.8038363,0.3623667,"no hit"
"1236","RPL7","PE",-1.2803383,0.153799,"no hit"
"1237","MICA","PA",0.3456726,0.3624216,"no hit"
"1238","MICA","PE",0.3609124,0.3421447,"no hit"
"1239","RPL36","PA",-0.9026262,0.3626459,"no hit"
"1240","RPL36","PE",-1.168422,0.24222,"no hit"
"1241","RPS3A","PA",-0.7393476,0.3650739,"no hit"
"1242","RPS3A","PE",-1.0960594,0.1851519,"no hit"
"1243","CYB5B","PA",0.5613273,0.3671943,"no hit"
"1244","CYB5B","PE",0.6710972,0.2832957,"no hit"
"1245","RHEB","PA",0.2058517,0.3682448,"no hit"
"1246","RHEB","PE",0.2394298,0.2972043,"no hit"
"1247","SEC61A1","PA",0.2966841,0.3688266,"no hit"
"1248","SEC61A1","PE",0.6914496,0.0454093,"enriched candidate"
"1249","PDIA4","PA",0.6446313,0.368855,"no hit"
"1250","PDIA4","PE",0.8142042,0.2594935,"no hit"
"1251","P4HA2","PA",0.4168585,0.3718328,"no hit"
"1252","P4HA2","PE",0.5944729,0.2078787,"no hit"
"1253","PSMA4","PA",-0.2404741,0.3721474,"no hit"
"1254","PSMA4","PE",-0.0015543,0.9953458,"no hit"
"1255","UQCRB","PA",0.7334598,0.3729699,"no hit"
"1256","UQCRB","PE",1.1612093,0.165125,"no hit"
"1257","RPL23A","PA",-0.772157,0.3731138,"no hit"
"1258","RPL23A","PE",-1.0143976,0.2456676,"no hit"
"1259","RPS17","PA",-0.8838204,0.3731412,"no hit"
"1260","RPS17","PE",-1.4228098,0.1586376,"no hit"
"1261","RPS3","PA",-0.7743381,0.3734615,"no hit"
"1262","RPS3","PE",-1.1823833,0.1802986,"no hit"
"1263","PLEC","PA",-0.5750348,0.3758303,"no hit"
"1264","PLEC","PE",0.1088815,0.8654216,"no hit"
"1265","LGALS3BP","PA",0.2572816,0.3772971,"no hit"
"1266","LGALS3BP","PE",0.5519703,0.0677993,"no hit"
"1267","EEF2","PA",-0.6237502,0.3809253,"no hit"
"1268","EEF2","PE",-0.9191843,0.2021019,"no hit"
"1269","RAB1A","PA",-0.2464567,0.38114,"no hit"
"1270","RAB1A","PE",-0.3929116,0.1693721,"no hit"
"1271","RPS11","PA",-0.735422,0.3814275,"no hit"
"1272","RPS11","PE",-1.2214507,0.1533688,"no hit"
"1273","RPS2","PA",-0.8145821,0.3816428,"no hit"
"1274","RPS2","PE",-1.2056922,0.2008708,"no hit"
"1275","TMEM33","PA",0.2773073,0.3817426,"no hit"
"1276","TMEM33","PE",0.7626371,0.0238227,"enriched candidate"
"1277","RPL13","PA",-0.8333597,0.3820103,"no hit"
"1278","RPL13","PE",-1.1379202,0.2368046,"no hit"
"1279","RPL22","PA",-0.7907898,0.3822431,"no hit"
"1280","RPL22","PE",-1.3428734,0.1455192,"no hit"
"1281","CLCC1","PA",0.3326902,0.3825695,"no hit"
"1282","CLCC1","PE",0.6428979,0.1006723,"no hit"
"1283","RPS9","PA",-0.8120057,0.3860102,"no hit"
"1284","RPS9","PE",-1.3552671,0.1552954,"no hit"
"1285","RPS24","PA",-0.8573689,0.3870024,"no hit"
"1286","RPS24","PE",-1.2758859,0.20351,"no hit"
"1287","RPL34","PA",-0.9369821,0.3878728,"no hit"
"1288","RPL34","PE",-1.198869,0.2723436,"no hit"
"1289","EIF3F","PA",-0.3842297,0.3878973,"no hit"
"1290","EIF3F","PE",-0.83563,0.070114,"no hit"
"1291","MATR3","PA",-0.3896702,0.38809,"no hit"
"1292","MATR3","PE",-0.3518068,0.4349733,"no hit"
"1293","NIT2","PA",-0.2491599,0.3897615,"no hit"
"1294","NIT2","PE",-0.1309036,0.648931,"no hit"
"1295","S100A10","PA",0.28867,0.3912761,"no hit"
"1296","S100A10","PE",0.2487605,0.4588628,"no hit"
"1297","HTATIP2","PA",0.4882925,0.3912981,"no hit"
"1298","HTATIP2","PE",0.4114694,0.4687401,"no hit"
"1299","FAM3C","PA",-0.2530116,0.3918667,"no hit"
"1300","FAM3C","PE",-0.3495352,0.2411073,"no hit"
"1301","LRRC59","PA",1.0666575,0.3938065,"no hit"
"1302","LRRC59","PE",1.7379222,0.1715984,"no hit"
"1303","REEP5","PA",-0.3843386,0.3954758,"no hit"
"1304","REEP5","PE",-0.3321109,0.4616551,"no hit"
"1305","RPL28","PA",-0.7495031,0.397216,"no hit"
"1306","RPL28","PE",-1.0767428,0.2287,"no hit"
"1307","RPL7A","PA",-0.759763,0.3974695,"no hit"
"1308","RPL7A","PE",-1.0601064,0.2420791,"no hit"
"1309","RPL26","PA",-0.8335416,0.3979554,"no hit"
"1310","RPL26","PE",-1.2629444,0.2059466,"no hit"
"1311","RPL29","PA",-0.9636526,0.398223,"no hit"
"1312","RPL29","PE",-1.174668,0.3054071,"no hit"
"1313","IGF2BP3","PA",-0.6259536,0.3999283,"no hit"
"1314","IGF2BP3","PE",-0.9819136,0.1928785,"no hit"
"1315","TXNDC12","PA",0.3124914,0.4003237,"no hit"
"1316","TXNDC12","PE",0.5234791,0.1660708,"no hit"
"1317","AP2B1","PA",0.2743329,0.401814,"no hit"
"1318","AP2B1","PE",0.2643168,0.4188954,"no hit"
"1319","RPS13","PA",-0.724427,0.402199,"no hit"
"1320","RPS13","PE",-1.2016797,0.1716846,"no hit"
"1321","CDC42","PA",0.2414787,0.4050529,"no hit"
"1322","CDC42","PE",0.0214432,0.9404895,"no hit"
"1323","SLC2A3","PA",0.3829006,0.4054841,"no hit"
"1324","SLC2A3","PE",0.2428679,0.5956313,"no hit"
"1325","DARS","PA",0.4621965,0.4060339,"no hit"
"1326","DARS","PE",0.3120175,0.5728485,"no hit"
"1327","MPZL1","PA",0.3868072,0.4065007,"no hit"
"1328","MPZL1","PE",0.3173118,0.4945634,"no hit"
"1329","GLG1","PA",-0.2772624,0.4072998,"no hit"
"1330","GLG1","PE",-0.1132116,0.7330449,"no hit"
"1331","RPL13A","PA",-0.7918771,0.4074574,"no hit"
"1332","RPL13A","PE",-1.1281656,0.2424523,"no hit"
"1333","HDLBP","PA",-0.505236,0.4094137,"no hit"
"1334","HDLBP","PE",-0.8107209,0.1919928,"no hit"
"1335","RPL19","PA",-0.6723126,0.409986,"no hit"
"1336","RPL19","PE",-1.1177523,0.1776871,"no hit"
"1337","RPL8","PA",-0.9069136,0.4102002,"no hit"
"1338","RPL8","PE",-1.3424516,0.2279142,"no hit"
"1339","HM13","PA",0.37495,0.4111289,"no hit"
"1340","HM13","PE",0.509327,0.2679455,"no hit"
"1341","CPNE3","PA",-0.2338397,0.411348,"no hit"
"1342","CPNE3","PE",-0.3214158,0.2627167,"no hit"
"1343","RPS18","PA",-0.6707669,0.4127722,"no hit"
"1344","RPS18","PE",-1.1811845,0.1569838,"no hit"
"1345","VKORC1L1","PA",0.3571129,0.4136751,"no hit"
"1346","VKORC1L1","PE",0.3562727,0.4147544,"no hit"
"1347","RPL10A","PA",-0.7421003,0.4145078,"no hit"
"1348","RPL10A","PE",-1.0748685,0.2419216,"no hit"
"1349","SCARB1","PA",0.2631376,0.4145667,"no hit"
"1350","SCARB1","PE",0.2606525,0.4189073,"no hit"
"1351","SCRIB","PA",0.2345346,0.4172461,"no hit"
"1352","SCRIB","PE",0.2165163,0.4533172,"no hit"
"1353","RPL21","PA",-0.7406006,0.4179388,"no hit"
"1354","RPL21","PE",-1.0599002,0.2507942,"no hit"
"1355","FLNB","PA",0.3995931,0.4183074,"no hit"
"1356","FLNB","PE",0.6712528,0.1809192,"no hit"
"1357","RPLP2","PA",-0.5543999,0.418528,"no hit"
"1358","RPLP2","PE",-1.1430867,0.1048435,"no hit"
"1359","RCC2","PA",-0.6522001,0.4198138,"no hit"
"1360","RCC2","PE",-0.9090149,0.2648305,"no hit"
"1361","FLNA","PA",0.7026479,0.4200562,"no hit"
"1362","FLNA","PE",0.8370706,0.3385726,"no hit"
"1363","RPL27","PA",-0.7488666,0.4204064,"no hit"
"1364","RPL27","PE",-0.9817767,0.2939087,"no hit"
"1365","ENG","PA",0.2534421,0.420543,"no hit"
"1366","ENG","PE",0.2120423,0.4992127,"no hit"
"1367","RANGAP1","PA",0.2681333,0.42095,"no hit"
"1368","RANGAP1","PE",0.1640025,0.6205792,"no hit"
"1369","RPL17|RPL17-C18orf32","PA",-0.728041,0.421152,"no hit"
"1370","RPL17|RPL17-C18orf32","PE",-0.9930729,0.2761759,"no hit"
"1371","RPS4X","PA",-0.6505533,0.421175,"no hit"
"1372","RPS4X","PE",-0.9780111,0.2317113,"no hit"
"1373","SQSTM1","PA",0.5265306,0.4211832,"no hit"
"1374","SQSTM1","PE",0.5998086,0.3607753,"no hit"
"1375","RPS6","PA",-0.712925,0.4213852,"no hit"
"1376","RPS6","PE",-1.1310338,0.2081219,"no hit"
"1377","CD151","PA",0.368259,0.4234917,"no hit"
"1378","CD151","PE",0.1048861,0.8182084,"no hit"
"1379","RPL3","PA",-0.6693002,0.4244043,"no hit"
"1380","RPL3","PE",-0.950559,0.2608037,"no hit"
"1381","GAA","PA",-0.2220331,0.4247618,"no hit"
"1382","GAA","PE",-0.0226581,0.9345054,"no hit"
"1383","STX7","PA",-0.2426743,0.4253528,"no hit"
"1384","STX7","PE",-0.3327488,0.2780365,"no hit"
"1385","VAPB","PA",0.2270465,0.4278509,"no hit"
"1386","VAPB","PE",0.4803762,0.1031251,"no hit"
"1387","RPS23","PA",-0.6949735,0.428529,"no hit"
"1388","RPS23","PE",-1.2703006,0.1559076,"no hit"
"1389","TBL2","PA",0.6729672,0.4288388,"no hit"
"1390","TBL2","PE",1.0830149,0.2090324,"no hit"
"1391","PSMB6","PA",-0.3647889,0.4317972,"no hit"
"1392","PSMB6","PE",-0.5897653,0.2098741,"no hit"
"1393","RPL4","PA",-0.7205831,0.4330908,"no hit"
"1394","RPL4","PE",-1.0077362,0.2767951,"no hit"
"1395","ATP6AP1","PA",0.3615237,0.4346768,"no hit"
"1396","ATP6AP1","PE",0.481467,0.3012787,"no hit"
"1397","GOLPH3","PA",-0.2477797,0.4351813,"no hit"
"1398","GOLPH3","PE",-0.2444842,0.4412116,"no hit"
"1399","RPS5","PA",-0.6805561,0.4360541,"no hit"
"1400","RPS5","PE",-1.0576074,0.23155,"no hit"
"1401","ACLY","PA",-0.5805583,0.4379443,"no hit"
"1402","ACLY","PE",-0.763973,0.3103029,"no hit"
"1403","VAT1","PA",-0.2925052,0.4435068,"no hit"
"1404","VAT1","PE",-0.3899011,0.3100714,"no hit"
"1405","DPM3","PA",0.3892319,0.4447278,"no hit"
"1406","DPM3","PE",0.5039774,0.325027,"no hit"
"1407","HNRNPL","PA",-0.4353905,0.4456955,"no hit"
"1408","HNRNPL","PE",-0.1985422,0.7263335,"no hit"
"1409","ARF3|ARF1","PA",-0.2104515,0.451167,"no hit"
"1410","ARF3|ARF1","PE",-0.2488867,0.3743768,"no hit"
"1411","RPL23","PA",-0.7737745,0.4528072,"no hit"
"1412","RPL23","PE",-1.2370109,0.2356275,"no hit"
"1413","RPS16","PA",-0.6640048,0.4546834,"no hit"
"1414","RPS16","PE",-1.133948,0.2082472,"no hit"
"1415","RPS27A","PA",-0.6527722,0.4574746,"no hit"
"1416","RPS27A","PE",-1.1415464,0.2006963,"no hit"
"1417","RPL30","PA",-0.6703706,0.4574993,"no hit"
"1418","RPL30","PE",-1.0763097,0.2384601,"no hit"
"1419","RPS19","PA",-0.615755,0.4576796,"no hit"
"1420","RPS19","PE",-1.3013651,0.1259548,"no hit"
"1421","TMED10","PA",-0.3098274,0.4577882,"no hit"
"1422","TMED10","PE",-0.4499838,0.2848884,"no hit"
"1423","CYFIP1","PA",0.6069145,0.4592128,"no hit"
"1424","CYFIP1","PE",0.6194631,0.4501244,"no hit"
"1425","RHOB","PA",0.2059062,0.4599029,"no hit"
"1426","RHOB","PE",0.0250409,0.927847,"no hit"
"1427","RPL6","PA",-0.6616957,0.4600713,"no hit"
"1428","RPL6","PE",-1.0933862,0.2281481,"no hit"
"1429","RPL27A","PA",-0.6422145,0.4613297,"no hit"
"1430","RPL27A","PE",-1.0844665,0.219772,"no hit"
"1431","HNRNPK","PA",-0.3659242,0.4638106,"no hit"
"1432","HNRNPK","PE",-0.6599319,0.1936588,"no hit"
"1433","RPL10","PA",-0.7253314,0.4657692,"no hit"
"1434","RPL10","PE",-1.1898856,0.2372063,"no hit"
"1435","EIF2S3","PA",-0.5852716,0.4664822,"no hit"
"1436","EIF2S3","PE",-1.0671759,0.1915754,"no hit"
"1437","CASC4","PA",-0.2819521,0.4665198,"no hit"
"1438","CASC4","PE",-0.4943941,0.2084111,"no hit"
"1439","MARS","PA",0.285445,0.4684803,"no hit"
"1440","MARS","PE",0.3787247,0.3387717,"no hit"
"1441","RTN3","PA",-0.3459618,0.469228,"no hit"
"1442","RTN3","PE",-0.3808997,0.426264,"no hit"
"1443","TNFRSF10A","PA",0.1756454,0.4695083,"no hit"
"1444","TNFRSF10A","PE",-0.1066146,0.6591751,"no hit"
"1445","RPL35A","PA",-0.7198064,0.4697412,"no hit"
"1446","RPL35A","PE",-1.0699368,0.2867419,"no hit"
"1447","RPS15A","PA",-0.5864656,0.4719482,"no hit"
"1448","RPS15A","PE",-0.8310171,0.3115354,"no hit"
"1449","RPS26","PA",-0.7209519,0.4730815,"no hit"
"1450","RPS26","PE",-1.3299764,0.1930296,"no hit"
"1451","XRCC6","PA",-0.4768411,0.474042,"no hit"
"1452","XRCC6","PE",-0.6544365,0.3288321,"no hit"
"1453","RTN4","PA",-0.3502438,0.4781009,"no hit"
"1454","RTN4","PE",-0.9253006,0.0715115,"no hit"
"1455","PSMA1","PA",-0.1557183,0.480169,"no hit"
"1456","PSMA1","PE",-0.2073236,0.3497639,"no hit"
"1457","PSEN1","PA",0.2247999,0.4807261,"no hit"
"1458","PSEN1","PE",0.0490752,0.8768522,"no hit"
"1459","HNRNPC","PA",-0.5231644,0.4828231,"no hit"
"1460","HNRNPC","PE",-0.2451348,0.74095,"no hit"
"1461","ITGAV","PA",0.2860721,0.483211,"no hit"
"1462","ITGAV","PE",0.2204525,0.5879407,"no hit"
"1463","SLC29A1","PA",0.3318377,0.4856465,"no hit"
"1464","SLC29A1","PE",0.067147,0.8870697,"no hit"
"1465","CLUH","PA",-0.3909244,0.4858443,"no hit"
"1466","CLUH","PE",-1.0259678,0.0780417,"no hit"
"1467","LAMTOR2","PA",-0.3259802,0.486554,"no hit"
"1468","LAMTOR2","PE",0.0370592,0.936528,"no hit"
"1469","RPSA","PA",-0.3792508,0.4889121,"no hit"
"1470","RPSA","PE",-1.0851253,0.058195,"no hit"
"1471","LPCAT3","PA",0.2804523,0.4895819,"no hit"
"1472","LPCAT3","PE",0.4758574,0.2467825,"no hit"
"1473","RPL9","PA",-0.6884048,0.4906998,"no hit"
"1474","RPL9","PE",-1.1384194,0.2597373,"no hit"
"1475","RAB21","PA",0.1589412,0.4951388,"no hit"
"1476","RAB21","PE",0.3823176,0.111094,"no hit"
"1477","RAB5A","PA",0.1992319,0.4966859,"no hit"
"1478","RAB5A","PE",0.4798704,0.1118641,"no hit"
"1479","RPL12","PA",-0.5505902,0.4974307,"no hit"
"1480","RPL12","PE",-0.8483631,0.2999692,"no hit"
"1481","FERMT2","PA",0.372671,0.4990936,"no hit"
"1482","FERMT2","PE",0.2277756,0.6783076,"no hit"
"1483","PVR","PA",0.3589297,0.4998772,"no hit"
"1484","PVR","PE",0.3156166,0.5524322,"no hit"
"1485","BAIAP2L1","PA",0.3747394,0.5004852,"no hit"
"1486","BAIAP2L1","PE",0.1782274,0.7474485,"no hit"
"1487","UPF1","PA",-0.5501691,0.5025846,"no hit"
"1488","UPF1","PE",-0.873153,0.2918223,"no hit"
"1489","ANTXR1","PA",0.1650726,0.502814,"no hit"
"1490","ANTXR1","PE",-0.1052309,0.6681052,"no hit"
"1491","HRAS","PA",0.2489713,0.5035072,"no hit"
"1492","HRAS","PE",-0.0020219,0.995638,"no hit"
"1493","RPL32","PA",-0.6227703,0.5037478,"no hit"
"1494","RPL32","PE",-0.8883385,0.3432933,"no hit"
"1495","CCT7","PA",0.5706808,0.5061346,"no hit"
"1496","CCT7","PE",0.4732419,0.5806681,"no hit"
"1497","C14orf166","PA",-0.3182618,0.5064785,"no hit"
"1498","C14orf166","PE",-0.7046305,0.1506105,"no hit"
"1499","LYPLA1","PA",-0.225649,0.5092508,"no hit"
"1500","LYPLA1","PE",-0.1602324,0.6382971,"no hit"
"1501","PCYOX1","PA",0.2782876,0.5101205,"no hit"
"1502","PCYOX1","PE",0.4072001,0.3384499,"no hit"
"1503","RPL37A","PA",-0.6954517,0.5127835,"no hit"
"1504","RPL37A","PE",-1.0447554,0.3290567,"no hit"
"1505","RAB27A","PA",0.3211234,0.5132547,"no hit"
"1506","RAB27A","PE",0.4518342,0.360396,"no hit"
"1507","BCAP31","PA",0.2063963,0.5154459,"no hit"
"1508","BCAP31","PE",0.3408285,0.2876308,"no hit"
"1509","TMED7-TICAM2|TICAM2|TMED7","PA",-0.3779983,0.5154567,"no hit"
"1510","TMED7-TICAM2|TICAM2|TMED7","PE",-0.1717446,0.7665532,"no hit"
"1511","ELAVL1","PA",-0.3535949,0.517521,"no hit"
"1512","ELAVL1","PE",-0.3485923,0.5233957,"no hit"
"1513","DAGLB","PA",-0.2105249,0.5185555,"no hit"
"1514","DAGLB","PE",-0.1672868,0.6071934,"no hit"
"1515","EIF3A","PA",-0.6053218,0.5249494,"no hit"
"1516","EIF3A","PE",-1.0504894,0.2752273,"no hit"
"1517","DERL2","PA",0.2379586,0.5267406,"no hit"
"1518","DERL2","PE",0.4816663,0.2076798,"no hit"
"1519","SLC38A2","PA",-0.249192,0.5286826,"no hit"
"1520","SLC38A2","PE",-0.4364245,0.2752243,"no hit"
"1521","RPL31","PA",-0.6298237,0.5323827,"no hit"
"1522","RPL31","PE",-1.0987274,0.2812822,"no hit"
"1523","RPL18","PA",-0.6172557,0.5330238,"no hit"
"1524","RPL18","PE",-0.9497302,0.3409919,"no hit"
"1525","SLC35F6","PA",-0.3537498,0.5388883,"no hit"
"1526","SLC35F6","PE",-0.2156407,0.7070423,"no hit"
"1527","EIF2S1","PA",-0.443592,0.5423632,"no hit"
"1528","EIF2S1","PE",-0.9023143,0.2225104,"no hit"
"1529","VPS35","PA",-0.3582235,0.5447318,"no hit"
"1530","VPS35","PE",-0.3605282,0.5421733,"no hit"
"1531","SNAP23","PA",0.2137274,0.5496468,"no hit"
"1532","SNAP23","PE",-0.0457802,0.8975413,"no hit"
"1533","CCT2","PA",0.4682346,0.5502757,"no hit"
"1534","CCT2","PE",0.3322103,0.6709352,"no hit"
"1535","ATP6V0A1","PA",0.133767,0.550355,"no hit"
"1536","ATP6V0A1","PE",0.2310992,0.3068558,"no hit"
"1537","ATL3","PA",0.1245788,0.5551268,"no hit"
"1538","ATL3","PE",0.3934117,0.0735579,"no hit"
"1539","IGF2BP1","PA",-0.4315657,0.556047,"no hit"
"1540","IGF2BP1","PE",-1.0102529,0.1771116,"no hit"
"1541","EIF3D","PA",-0.4998896,0.5578465,"no hit"
"1542","EIF3D","PE",-0.8500947,0.3232649,"no hit"
"1543","GGH","PA",-0.1890147,0.558422,"no hit"
"1544","GGH","PE",0.0564856,0.8605734,"no hit"
"1545","ERO1A","PA",0.335498,0.560738,"no hit"
"1546","ERO1A","PE",0.4630809,0.4239533,"no hit"
"1547","UBL3","PA",0.2265038,0.5615101,"no hit"
"1548","UBL3","PE",0.3035245,0.4382518,"no hit"
"1549","TMED2","PA",-0.2907201,0.5640917,"no hit"
"1550","TMED2","PE",-0.3564787,0.4804389,"no hit"
"1551","LMAN2","PA",-0.2106224,0.5645599,"no hit"
"1552","LMAN2","PE",-0.184572,0.6132973,"no hit"
"1553","DDX1","PA",-0.4124819,0.5669151,"no hit"
"1554","DDX1","PE",-0.7219445,0.3207356,"no hit"
"1555","RAB6A","PA",-0.1664209,0.5672999,"no hit"
"1556","RAB6A","PE",-0.01696,0.9533015,"no hit"
"1557","SIGMAR1","PA",0.2962249,0.5673811,"no hit"
"1558","SIGMAR1","PE",0.4722193,0.3652529,"no hit"
"1559","FUBP3","PA",-0.4103971,0.5684371,"no hit"
"1560","FUBP3","PE",-0.8228288,0.2591701,"no hit"
"1561","IMPDH2","PA",0.2808336,0.5700142,"no hit"
"1562","IMPDH2","PE",0.3462835,0.4846863,"no hit"
"1563","HNRNPH1","PA",-0.3395556,0.5706895,"no hit"
"1564","HNRNPH1","PE",-0.2258633,0.705339,"no hit"
"1565","RAB2A","PA",-0.2076822,0.5709976,"no hit"
"1566","RAB2A","PE",-0.1124195,0.7583336,"no hit"
"1567","ILF3","PA",-0.308851,0.5719814,"no hit"
"1568","ILF3","PE",-0.106283,0.8452011,"no hit"
"1569","ERGIC3","PA",-0.2366223,0.5732864,"no hit"
"1570","ERGIC3","PE",-0.3786691,0.3706778,"no hit"
"1571","TSPAN3","PA",-0.1988471,0.5750057,"no hit"
"1572","TSPAN3","PE",-0.3616053,0.3127074,"no hit"
"1573","CTSC","PA",-0.1696138,0.5753976,"no hit"
"1574","CTSC","PE",0.0799476,0.791074,"no hit"
"1575","ECE1","PA",0.2436509,0.5767782,"no hit"
"1576","ECE1","PE",0.331679,0.4490837,"no hit"
"1577","RAB10","PA",0.1196336,0.5799264,"no hit"
"1578","RAB10","PE",0.0514575,0.8111795,"no hit"
"1579","SLC1A4","PA",0.1957858,0.5804725,"no hit"
"1580","SLC1A4","PE",0.2219732,0.5314052,"no hit"
"1581","DAD1","PA",0.3187158,0.5823772,"no hit"
"1582","DAD1","PE",0.6055691,0.3013035,"no hit"
"1583","ERAP1","PA",0.236497,0.5824052,"no hit"
"1584","ERAP1","PE",0.6005637,0.1719888,"no hit"
"1585","ERGIC1","PA",-0.1197406,0.5872175,"no hit"
"1586","ERGIC1","PE",0.0770924,0.7260678,"no hit"
"1587","MVP","PA",-0.3002642,0.5889087,"no hit"
"1588","MVP","PE",-0.2576867,0.6424437,"no hit"
"1589","ITGB5","PA",0.1654753,0.5889623,"no hit"
"1590","ITGB5","PE",0.0670563,0.8260941,"no hit"
"1591","FEN1","PA",-0.355763,0.593327,"no hit"
"1592","FEN1","PE",-0.559013,0.4041246,"no hit"
"1593","ABCE1","PA",-0.4342123,0.5938391,"no hit"
"1594","ABCE1","PE",-0.571933,0.4836823,"no hit"
"1595","RARS","PA",0.2529848,0.5947519,"no hit"
"1596","RARS","PE",0.4231013,0.3769824,"no hit"
"1597","EIF3L","PA",-0.4397572,0.5954088,"no hit"
"1598","EIF3L","PE",-0.865914,0.3011011,"no hit"
"1599","RECQL","PA",-0.3839392,0.5962141,"no hit"
"1600","RECQL","PE",-0.8720744,0.236178,"no hit"
"1601","ADAM15","PA",0.1665389,0.6013394,"no hit"
"1602","ADAM15","PE",0.4820007,0.140979,"no hit"
"1603","TMED4","PA",-0.2026178,0.6029584,"no hit"
"1604","TMED4","PE",-0.1669862,0.6677787,"no hit"
"1605","RACK1","PA",-0.3163594,0.6055898,"no hit"
"1606","RACK1","PE",-0.8285872,0.1853885,"no hit"
"1607","HNRNPM","PA",-0.2284365,0.6104499,"no hit"
"1608","HNRNPM","PE",-0.1313169,0.7690945,"no hit"
"1609","VAMP8","PA",0.2013502,0.6123575,"no hit"
"1610","VAMP8","PE",-0.201922,0.6113554,"no hit"
"1611","EIF3B","PA",-0.3456909,0.6132557,"no hit"
"1612","EIF3B","PE",-0.6229093,0.3662121,"no hit"
"1613","MOV10","PA",-0.2701311,0.6144185,"no hit"
"1614","MOV10","PE",-0.660373,0.2260206,"no hit"
"1615","ATP6V0D1","PA",0.1265341,0.6150837,"no hit"
"1616","ATP6V0D1","PE",0.0733311,0.7702152,"no hit"
"1617","VAMP7","PA",-0.1345636,0.6183823,"no hit"
"1618","VAMP7","PE",-0.0231325,0.9315266,"no hit"
"1619","TMED1","PA",-0.2071635,0.6201655,"no hit"
"1620","TMED1","PE",-0.1182927,0.7766722,"no hit"
"1621","SLC38A7","PA",-0.1965712,0.6209824,"no hit"
"1622","SLC38A7","PE",0.1262036,0.7504144,"no hit"
"1623","NEU1","PA",0.1858993,0.623637,"no hit"
"1624","NEU1","PE",0.4126054,0.2822999,"no hit"
"1625","LMNA","PA",-0.3391932,0.6244,"no hit"
"1626","LMNA","PE",-0.1354718,0.8445276,"no hit"
"1627","SPTBN1","PA",0.3289097,0.625174,"no hit"
"1628","SPTBN1","PE",0.8697761,0.2050876,"no hit"
"1629","CTNNA1","PA",0.2857709,0.6273821,"no hit"
"1630","CTNNA1","PE",-0.16918,0.7733563,"no hit"
"1631","EIF3H","PA",-0.3836413,0.636829,"no hit"
"1632","EIF3H","PE",-0.9723089,0.2391415,"no hit"
"1633","HEXB","PA",-0.2378309,0.6387268,"no hit"
"1634","HEXB","PE",-0.126065,0.8030471,"no hit"
"1635","GALNT7","PA",-0.1505094,0.6409552,"no hit"
"1636","GALNT7","PE",0.0871305,0.7867553,"no hit"
"1637","ATP1B3","PA",0.2190781,0.6514213,"no hit"
"1638","ATP1B3","PE",0.110101,0.8200051,"no hit"
"1639","ALDH7A1","PA",0.2236469,0.6521379,"no hit"
"1640","ALDH7A1","PE",0.470968,0.3470851,"no hit"
"1641","EIF3C","PA",-0.2961329,0.6553519,"no hit"
"1642","EIF3C","PE",-0.7628475,0.2574795,"no hit"
"1643","TCP1","PA",0.4514777,0.6560926,"no hit"
"1644","TCP1","PE",0.3813473,0.7065899,"no hit"
"1645","SMC2","PA",-0.2794817,0.6566057,"no hit"
"1646","SMC2","PE",-0.8232297,0.1994572,"no hit"
"1647","HNRNPUL1","PA",-0.1974225,0.6611425,"no hit"
"1648","HNRNPUL1","PE",-0.1817665,0.6864037,"no hit"
"1649","EIF3E","PA",-0.2842945,0.6633951,"no hit"
"1650","EIF3E","PE",-0.7451165,0.2611863,"no hit"
"1651","CCT5","PA",0.4482578,0.6650111,"no hit"
"1652","CCT5","PE",0.252631,0.8068653,"no hit"
"1653","MYOF","PA",0.1932061,0.6668746,"no hit"
"1654","MYOF","PE",0.1651339,0.7127568,"no hit"
"1655","SLC7A6","PA",0.1513299,0.6678963,"no hit"
"1656","SLC7A6","PE",-0.0722096,0.8374706,"no hit"
"1657","SLC7A5","PA",0.1709859,0.6695683,"no hit"
"1658","SLC7A5","PE",-0.1663057,0.6780564,"no hit"
"1659","HNRNPR","PA",-0.1750734,0.6715339,"no hit"
"1660","HNRNPR","PE",-0.1816969,0.6599363,"no hit"
"1661","RAB3D","PA",0.1302096,0.6736617,"no hit"
"1662","RAB3D","PE",0.2047058,0.509463,"no hit"
"1663","CSTB","PA",-0.1945916,0.6736634,"no hit"
"1664","CSTB","PE",-0.4572256,0.3277294,"no hit"
"1665","DDB1","PA",0.1141053,0.6738516,"no hit"
"1666","DDB1","PE",0.2921831,0.2876371,"no hit"
"1667","TMEM109","PA",0.2182279,0.6739565,"no hit"
"1668","TMEM109","PE",0.2585744,0.6184753,"no hit"
"1669","MPDU1|HBEBP2BPA","PA",0.2067031,0.6740426,"no hit"
"1670","MPDU1|HBEBP2BPA","PE",0.2904126,0.5555073,"no hit"
"1671","PKN2","PA",0.269596,0.6749463,"no hit"
"1672","PKN2","PE",0.3285979,0.6096717,"no hit"
"1673","VCP","PA",0.2506833,0.6751043,"no hit"
"1674","VCP","PE",0.5938006,0.3261464,"no hit"
"1675","EPHX1","PA",0.1923847,0.6782723,"no hit"
"1676","EPHX1","PE",0.4878827,0.2989744,"no hit"
"1677","POFUT1","PA",0.1123747,0.6804018,"no hit"
"1678","POFUT1","PE",0.5126925,0.0720001,"no hit"
"1679","RPS21","PA",-0.1579725,0.6815525,"no hit"
"1680","RPS21","PE",-0.9200207,0.0256978,"no hit"
"1681","IGF2R","PA",0.1628472,0.681605,"no hit"
"1682","IGF2R","PE",0.1507547,0.703993,"no hit"
"1683","CCT6A","PA",0.4234097,0.683186,"no hit"
"1684","CCT6A","PE",0.3213645,0.7565114,"no hit"
"1685","ALYREF","PA",-0.2216727,0.6838348,"no hit"
"1686","ALYREF","PE",0.055784,0.9181977,"no hit"
"1687","LNPEP","PA",-0.1679683,0.6866621,"no hit"
"1688","LNPEP","PE",-0.1241197,0.7654046,"no hit"
"1689","SEC23IP","PA",-0.3008969,0.6891947,"no hit"
"1690","SEC23IP","PE",-0.8502318,0.2656788,"no hit"
"1691","ABCB6","PA",0.1280243,0.6910477,"no hit"
"1692","ABCB6","PE",0.5408159,0.1049927,"no hit"
"1693","SDCBP","PA",0.1579079,0.6944958,"no hit"
"1694","SDCBP","PE",0.5806899,0.1592729,"no hit"
"1695","HNRNPD","PA",-0.1530716,0.6949514,"no hit"
"1696","HNRNPD","PE",0.0555533,0.8866181,"no hit"
"1697","TMED9","PA",-0.2031202,0.6954228,"no hit"
"1698","TMED9","PE",-0.1722856,0.7396826,"no hit"
"1699","HSP90AB1","PA",-0.1497072,0.7006019,"no hit"
"1700","HSP90AB1","PE",-0.0897142,0.8175263,"no hit"
"1701","DDR1","PA",0.1085571,0.7048318,"no hit"
"1702","DDR1","PE",-0.0233097,0.9350488,"no hit"
"1703","RAB14","PA",-0.1168015,0.7085982,"no hit"
"1704","RAB14","PE",-0.1611457,0.6067444,"no hit"
"1705","TMEM106B","PA",0.1905441,0.7094183,"no hit"
"1706","TMEM106B","PE",0.3989278,0.4382704,"no hit"
"1707","CCT4","PA",0.3877967,0.7116036,"no hit"
"1708","CCT4","PE",0.3081591,0.768767,"no hit"
"1709","SCARB2","PA",0.2273036,0.7119085,"no hit"
"1710","SCARB2","PE",0.4324196,0.4845055,"no hit"
"1711","CCT3","PA",0.3421406,0.7150574,"no hit"
"1712","CCT3","PE",0.2573196,0.7834786,"no hit"
"1713","FASN","PA",-0.1526562,0.7181876,"no hit"
"1714","FASN","PE",-0.2757642,0.5161753,"no hit"
"1715","SCPEP1","PA",-0.1711656,0.72513,"no hit"
"1716","SCPEP1","PE",-0.0589112,0.9035318,"no hit"
"1717","PARP1","PA",0.2223683,0.7261308,"no hit"
"1718","PARP1","PE",0.1464677,0.81736,"no hit"
"1719","HADHB","PA",0.1485002,0.7287938,"no hit"
"1720","HADHB","PE",0.3449166,0.4240061,"no hit"
"1721","RTCB","PA",-0.2222065,0.7288995,"no hit"
"1722","RTCB","PE",-0.5982079,0.3557466,"no hit"
"1723","NSUN2","PA",-0.1779332,0.7301176,"no hit"
"1724","NSUN2","PE",-0.6447477,0.2202538,"no hit"
"1725","CTSA","PA",-0.161462,0.7307816,"no hit"
"1726","CTSA","PE",-0.1374767,0.7694417,"no hit"
"1727","NCS1","PA",0.1121921,0.7311936,"no hit"
"1728","NCS1","PE",0.2713215,0.4097841,"no hit"
"1729","ARL6IP5","PA",0.1643239,0.7320364,"no hit"
"1730","ARL6IP5","PE",0.2463498,0.6084416,"no hit"
"1731","GLA","PA",0.1524022,0.7329649,"no hit"
"1732","GLA","PE",0.3790152,0.4000791,"no hit"
"1733","ALDH9A1","PA",-0.1314803,0.73594,"no hit"
"1734","ALDH9A1","PE",0.2161166,0.5803803,"no hit"
"1735","RAB9A","PA",-0.0811041,0.736542,"no hit"
"1736","RAB9A","PE",0.0540906,0.8223089,"no hit"
"1737","SND1","PA",-0.3123217,0.7411713,"no hit"
"1738","SND1","PE",-0.4387089,0.6431635,"no hit"
"1739","RAB7A","PA",0.0957545,0.7432851,"no hit"
"1740","RAB7A","PE",0.2065882,0.4822033,"no hit"
"1741","AHNAK","PA",0.1050165,0.747424,"no hit"
"1742","AHNAK","PE",0.0956885,0.7691359,"no hit"
"1743","GYS1","PA",-0.1905551,0.7494363,"no hit"
"1744","GYS1","PE",-0.6397497,0.2904905,"no hit"
"1745","TFRC","PA",-0.1011998,0.7522457,"no hit"
"1746","TFRC","PE",0.0034287,0.9914545,"no hit"
"1747","NAGLU","PA",0.0951769,0.7526414,"no hit"
"1748","NAGLU","PE",-0.0308454,0.918546,"no hit"
"1749","ATP6V1A","PA",0.0742893,0.7530904,"no hit"
"1750","ATP6V1A","PE",-0.0399806,0.865436,"no hit"
"1751","ATP2C1","PA",-0.0894692,0.7535843,"no hit"
"1752","ATP2C1","PE",-0.1061876,0.70962,"no hit"
"1753","DDR2","PA",-0.0790369,0.7537581,"no hit"
"1754","DDR2","PE",-0.1574708,0.5336436,"no hit"
"1755","RRBP1","PA",-0.180493,0.7558633,"no hit"
"1756","RRBP1","PE",0.0653534,0.9102602,"no hit"
"1757","TMX1","PA",-0.1233157,0.759488,"no hit"
"1758","TMX1","PE",0.0220703,0.9562475,"no hit"
"1759","PROCR","PA",0.1166713,0.7595767,"no hit"
"1760","PROCR","PE",0.3599981,0.3502955,"no hit"
"1761","SLC38A1","PA",-0.1333432,0.7596577,"no hit"
"1762","SLC38A1","PE",-0.3693581,0.4008171,"no hit"
"1763","EIF3I","PA",-0.1215991,0.7605745,"no hit"
"1764","EIF3I","PE",-0.909898,0.0324603,"no hit"
"1765","PSMB5","PA",-0.0850333,0.761304,"no hit"
"1766","PSMB5","PE",-0.1225236,0.6620449,"no hit"
"1767","PSAP","PA",-0.1355137,0.7637644,"no hit"
"1768","PSAP","PE",-0.0082476,0.985388,"no hit"
"1769","PTBP1","PA",-0.1697549,0.7646098,"no hit"
"1770","PTBP1","PE",-0.6011508,0.2957882,"no hit"
"1771","MYH9","PA",0.1865761,0.7655799,"no hit"
"1772","MYH9","PE",0.2804252,0.6545573,"no hit"
"1773","DNAJA1","PA",-0.2204496,0.7661762,"no hit"
"1774","DNAJA1","PE",-0.5552552,0.456788,"no hit"
"1775","EPRS","PA",-0.1125805,0.7684147,"no hit"
"1776","EPRS","PE",-0.125285,0.7432274,"no hit"
"1777","BANF1","PA",-0.0760968,0.7708271,"no hit"
"1778","BANF1","PE",-0.491748,0.0718836,"no hit"
"1779","PKM","PA",-0.1189707,0.7719871,"no hit"
"1780","PKM","PE",0.1021601,0.8034319,"no hit"
"1781","CD97","PA",0.1270715,0.7727485,"no hit"
"1782","CD97","PE",-0.0022931,0.9958372,"no hit"
"1783","TPP1","PA",-0.1131493,0.7737645,"no hit"
"1784","TPP1","PE",0.120232,0.7600598,"no hit"
"1785","FAM49B","PA",0.1053502,0.7764432,"no hit"
"1786","FAM49B","PE",-0.0407488,0.9124582,"no hit"
"1787","CPA4","PA",0.1315341,0.7779513,"no hit"
"1788","CPA4","PE",0.3069382,0.5125877,"no hit"
"1789","AIMP1","PA",0.0843026,0.7852047,"no hit"
"1790","AIMP1","PE",0.2273129,0.4652897,"no hit"
"1791","TOMM40","PA",0.1558069,0.7962343,"no hit"
"1792","TOMM40","PE",0.3128903,0.6050823,"no hit"
"1793","ATP5L","PA",0.1392492,0.7968649,"no hit"
"1794","ATP5L","PE",0.5384218,0.3257173,"no hit"
"1795","YARS","PA",0.0936667,0.7984965,"no hit"
"1796","YARS","PE",0.0917299,0.8025687,"no hit"
"1797","HEXA","PA",-0.1304777,0.7994882,"no hit"
"1798","HEXA","PE",0.0904322,0.8601895,"no hit"
"1799","LRP1","PA",-0.0884887,0.802489,"no hit"
"1800","LRP1","PE",-0.1882392,0.5957946,"no hit"
"1801","PSMA6","PA",-0.0790482,0.8025318,"no hit"
"1802","PSMA6","PE",-0.1002187,0.7513365,"no hit"
"1803","HFE","PA",-0.0633784,0.812673,"no hit"
"1804","HFE","PE",-0.1349335,0.6148657,"no hit"
"1805","CSRP1","PA",-0.144154,0.8143225,"no hit"
"1806","CSRP1","PE",0.3807524,0.5369149,"no hit"
"1807","ARL8B","PA",-0.07897,0.8170548,"no hit"
"1808","ARL8B","PE",-0.1170163,0.7319887,"no hit"
"1809","SRP9","PA",-0.0628013,0.8244172,"no hit"
"1810","SRP9","PE",-0.2270302,0.4263129,"no hit"
"1811","PDLIM1","PA",0.0628402,0.8247736,"no hit"
"1812","PDLIM1","PE",0.3823953,0.1882691,"no hit"
"1813","SLC39A14","PA",0.0772715,0.8265446,"no hit"
"1814","SLC39A14","PE",-0.1539015,0.6631376,"no hit"
"1815","PDCD4","PA",-0.1259747,0.8317181,"no hit"
"1816","PDCD4","PE",-0.4801519,0.421892,"no hit"
"1817","PPT1","PA",-0.0854106,0.8379196,"no hit"
"1818","PPT1","PE",0.0349463,0.9332663,"no hit"
"1819","CDC2|CDK1","PA",-0.1187053,0.8424946,"no hit"
"1820","CDC2|CDK1","PE",-0.3084831,0.6067294,"no hit"
"1821","CTSD","PA",-0.0898063,0.8463845,"no hit"
"1822","CTSD","PE",-0.1605212,0.7294295,"no hit"
"1823","GBA","PA",0.0825128,0.8464854,"no hit"
"1824","GBA","PE",0.2852768,0.5056893,"no hit"
"1825","NSF","PA",-0.122332,0.8513473,"no hit"
"1826","NSF","PE",-0.1084306,0.8680612,"no hit"
"1827","SLC7A1","PA",-0.0636021,0.8565324,"no hit"
"1828","SLC7A1","PE",-0.331782,0.3512966,"no hit"
"1829","VLDLR","PA",-0.0737174,0.8565649,"no hit"
"1830","VLDLR","PE",-0.3844171,0.351565,"no hit"
"1831","PRPF19","PA",0.0708285,0.8592001,"no hit"
"1832","PRPF19","PE",0.1949323,0.6263926,"no hit"
"1833","ZDHHC20","PA",0.043056,0.8599042,"no hit"
"1834","ZDHHC20","PE",-0.1573023,0.5212706,"no hit"
"1835","DHX9","PA",-0.1075302,0.8607339,"no hit"
"1836","DHX9","PE",0.228274,0.7099837,"no hit"
"1837","GALNT2","PA",0.0812879,0.8675514,"no hit"
"1838","GALNT2","PE",0.0380946,0.9376862,"no hit"
"1839","PPA2","PA",0.0608126,0.8682336,"no hit"
"1840","PPA2","PE",0.2148074,0.5595905,"no hit"
"1841","RAB5C","PA",0.0517004,0.8700332,"no hit"
"1842","RAB5C","PE",0.1389822,0.6607945,"no hit"
"1843","KPNA2","PA",0.0419851,0.870911,"no hit"
"1844","KPNA2","PE",0.098318,0.7040141,"no hit"
"1845","SLC16A3","PA",-0.0699334,0.8714253,"no hit"
"1846","SLC16A3","PE",-0.4148181,0.3429709,"no hit"
"1847","ACP2","PA",0.0928626,0.8763927,"no hit"
"1848","ACP2","PE",0.3662572,0.5415403,"no hit"
"1849","HIST1H4A","PA",-0.122218,0.8797828,"no hit"
"1850","HIST1H4A","PE",0.2442689,0.7626573,"no hit"
"1851","YIF1B","PA",-0.0600393,0.8836737,"no hit"
"1852","YIF1B","PE",-0.2527999,0.5398689,"no hit"
"1853","PRKDC","PA",0.0878348,0.8876082,"no hit"
"1854","PRKDC","PE",0.0620125,0.9205066,"no hit"
"1855","KHSRP","PA",-0.0261144,0.8918171,"no hit"
"1856","KHSRP","PE",-0.2753133,0.1629189,"no hit"
"1857","IARS","PA",0.0727343,0.8929414,"no hit"
"1858","IARS","PE",0.2864244,0.5974649,"no hit"
"1859","SLC3A2","PA",0.0435545,0.9004529,"no hit"
"1860","SLC3A2","PE",-0.0473317,0.8918751,"no hit"
"1861","HNRNPU","PA",0.0680859,0.9049979,"no hit"
"1862","HNRNPU","PE",0.2218324,0.6979303,"no hit"
"1863","ILF2","PA",-0.0524385,0.9057428,"no hit"
"1864","ILF2","PE",-0.138628,0.7545349,"no hit"
"1865","SEC22B","PA",-0.0333094,0.9063033,"no hit"
"1866","SEC22B","PE",-0.0596189,0.8332149,"no hit"
"1867","CLIC1","PA",-0.0262637,0.9088678,"no hit"
"1868","CLIC1","PE",-0.472471,0.0510675,"no hit"
"1869","CPD","PA",-0.0400661,0.910731,"no hit"
"1870","CPD","PE",-0.2129421,0.5531499,"no hit"
"1871","DDX5","PA",-0.0598607,0.9112142,"no hit"
"1872","DDX5","PE",0.3519765,0.5144844,"no hit"
"1873","NPC1","PA",0.0517273,0.9151675,"no hit"
"1874","NPC1","PE",0.2383349,0.6246705,"no hit"
"1875","GLB1","PA",0.0356149,0.9373261,"no hit"
"1876","GLB1","PE",0.2081011,0.6468527,"no hit"
"1877","SERINC1","PA",0.0357022,0.9426638,"no hit"
"1878","SERINC1","PE",0.1605051,0.7467786,"no hit"
"1879","PRSS56","PA",-0.0237832,0.9443177,"no hit"
"1880","PRSS56","PE",-0.1718653,0.6149892,"no hit"
"1881","COTL1","PA",-0.0221659,0.9488216,"no hit"
"1882","COTL1","PE",-0.2204299,0.525592,"no hit"
"1883","SRP14","PA",-0.0416633,0.9502728,"no hit"
"1884","SRP14","PE",-0.0499319,0.9404222,"no hit"
"1885","NAPG","PA",-0.0155178,0.9519423,"no hit"
"1886","NAPG","PE",-0.3614983,0.1714763,"no hit"
"1887","RAB4A","PA",0.0141311,0.952299,"no hit"
"1888","RAB4A","PE",-0.1636162,0.4914075,"no hit"
"1889","ERP44","PA",0.0170711,0.9549588,"no hit"
"1890","ERP44","PE",-0.0037553,0.9900864,"no hit"
"1891","IL6ST","PA",0.0147408,0.9589332,"no hit"
"1892","IL6ST","PE",-0.0802392,0.779483,"no hit"
"1893","LAMP1","PA",-0.0208422,0.9605424,"no hit"
"1894","LAMP1","PE",0.2776255,0.512425,"no hit"
"1895","EIF3J","PA",-0.0234196,0.9611731,"no hit"
"1896","EIF3J","PE",-0.5000801,0.3056907,"no hit"
"1897","HSP90AA1","PA",-0.0190077,0.9632116,"no hit"
"1898","HSP90AA1","PE",-0.1032756,0.802282,"no hit"
"1899","SRP72","PA",0.0201781,0.9688414,"no hit"
"1900","SRP72","PE",0.0322529,0.9502171,"no hit"
"1901","FSCN1","PA",0.0184615,0.9713632,"no hit"
"1902","FSCN1","PE",0.208242,0.6862032,"no hit"
"1903","PRDX4","PA",-0.0146193,0.9714058,"no hit"
"1904","PRDX4","PE",0.4215892,0.3083293,"no hit"
"1905","STK26","PA",-0.0033419,0.9840069,"no hit"
"1906","STK26","PE",0.0810178,0.6281173,"no hit"
"1907","CD63","PA",0.0088463,0.9888679,"no hit"
"1908","CD63","PE",0.2716092,0.6691684,"no hit"
"1909","SPTAN1","PA",0.0098815,0.9892468,"no hit"
"1910","SPTAN1","PE",0.5237709,0.4781006,"no hit"
"1911","LMAN1","PA",-0.0089397,0.9903722,"no hit"
"1912","LMAN1","PE",-0.0809709,0.9129827,"no hit"
"1913","DDX17","PA",0.0016574,0.9962328,"no hit"
"1914","DDX17","PE",-0.1396869,0.6913271,"no hit"
"1915","GAPDH","PA",0.0024854,0.9968991,"no hit"
"1916","GAPDH","PE",-0.0249406,0.968891,"no hit"
"1917","RRAS","PA",0.0003442,0.9991908,"no hit"
"1918","RRAS","PE",0.3152153,0.3586577,"no hit"
"1919","HNRNPF","PA",-0.0001318,0.9998786,"no hit"
"1920","HNRNPF","PE",-0.4538482,0.6018054,"no hit"
"1921",NA,"PA",NA,NA,NA
"1922",NA,"PE",NA,NA,NA
